image_id,class_label,clean_name,dataset_id,source_group,crop,silage_type,lighting,storage_type,mold_species_if_known,license,url,photographer,processed_path
IMG_SAFE_2010_10_20_Gulen_Molde_153.j,SAFE,2010_10_20_Gulen_Molde_153.jpg,DS-REAL-SILAGE-HISTORIC,GRP_SILAGE_HISTORIC_6,Corn / Pasture Silage,Pit / Bunker Silage,Natural Farm Lighting,Bunker Clamp,None,CC-BY-SA / Public Domain,https://commons.wikimedia.org/wiki/Category:Silage,Agricultural Extension Archive,E:\silageguard-ai\datasets\processed\vision\SAFE\SAFE_2010_10_20_Gulen_Molde_153.jpg
IMG_SAFE_Machinery12.tif__27098928939,SAFE,Machinery12.tif__27098928939_.jpg,DS-REAL-SILAGE-HISTORIC,GRP_SILAGE_HISTORIC_6,Corn / Pasture Silage,Pit / Bunker Silage,Natural Farm Lighting,Bunker Clamp,None,CC-BY-SA / Public Domain,https://commons.wikimedia.org/wiki/Category:Silage,Agricultural Extension Archive,E:\silageguard-ai\datasets\processed\vision\SAFE\SAFE_Machinery12.tif__27098928939_.jpg
IMG_SAFE_Pile_of_silage_bales_at_Swar,SAFE,Pile_of_silage_bales_at_Swartmill_Farm_-_geograph.org.uk_-_6313596.jpg,DS-REAL-SILAGE-HISTORIC,GRP_SILAGE_HISTORIC_6,Corn / Pasture Silage,Pit / Bunker Silage,Natural Farm Lighting,Bunker Clamp,None,CC-BY-SA / Public Domain,https://commons.wikimedia.org/wiki/Category:Silage,Agricultural Extension Archive,E:\silageguard-ai\datasets\processed\vision\SAFE\SAFE_Pile_of_silage_bales_at_Swartmill_Farm_-_geograph.org.uk_-_6313596.jpg
IMG_SAFE_Silagem_de_milho_em_trinchei,SAFE,Silagem_de_milho_em_trincheira.jpg,DS-REAL-SILAGE-HISTORIC,GRP_SILAGE_HISTORIC_6,Corn / Pasture Silage,Pit / Bunker Silage,Natural Farm Lighting,Bunker Clamp,None,CC-BY-SA / Public Domain,https://commons.wikimedia.org/wiki/Category:Silage,Agricultural Extension Archive,E:\silageguard-ai\datasets\processed\vision\SAFE\SAFE_Silagem_de_milho_em_trincheira.jpg
IMG_SAFE_The_ensilage_of_maize__and_o,SAFE,The_ensilage_of_maize__and_other_green_fodder_crops__1879___14779101561_.jpg,DS-REAL-SILAGE-HISTORIC,GRP_SILAGE_HISTORIC_6,Corn / Pasture Silage,Pit / Bunker Silage,Natural Farm Lighting,Bunker Clamp,None,CC-BY-SA / Public Domain,https://commons.wikimedia.org/wiki/Category:Silage,Agricultural Extension Archive,E:\silageguard-ai\datasets\processed\vision\SAFE\SAFE_The_ensilage_of_maize__and_other_green_fodder_crops__1879___14779101561_.jpg
IMG_SAFE_A_book_on_silage__1895___202,SAFE,A_book_on_silage__1895___20212021020_.jpg,DS-REAL-SILAGE-HISTORIC,GRP_SILAGE_HISTORIC_5,Corn / Pasture Silage,Pit / Bunker Silage,Natural Farm Lighting,Bunker Clamp,None,CC-BY-SA / Public Domain,https://commons.wikimedia.org/wiki/Category:Silage,Agricultural Extension Archive,E:\silageguard-ai\datasets\processed\vision\SAFE\SAFE_A_book_on_silage__1895___20212021020_.jpg
IMG_SAFE_Boles_silo_moes_d__octôbe.jp,SAFE,Boles_silo_moes_d__octôbe.jpg,DS-REAL-SILAGE-HISTORIC,GRP_SILAGE_HISTORIC_5,Corn / Pasture Silage,Pit / Bunker Silage,Natural Farm Lighting,Bunker Clamp,None,CC-BY-SA / Public Domain,https://commons.wikimedia.org/wiki/Category:Silage,Agricultural Extension Archive,E:\silageguard-ai\datasets\processed\vision\SAFE\SAFE_Boles_silo_moes_d__octôbe.jpg
IMG_SAFE_Discarded_silage_bale__Lund_,SAFE,Discarded_silage_bale__Lund_-_geograph.org.uk_-_2481708.jpg,DS-REAL-SILAGE-HISTORIC,GRP_SILAGE_HISTORIC_5,Corn / Pasture Silage,Pit / Bunker Silage,Natural Farm Lighting,Bunker Clamp,None,CC-BY-SA / Public Domain,https://commons.wikimedia.org/wiki/Category:Silage,Agricultural Extension Archive,E:\silageguard-ai\datasets\processed\vision\SAFE\SAFE_Discarded_silage_bale__Lund_-_geograph.org.uk_-_2481708.jpg
IMG_SAFE_Dung_pile_at_Bentley_Hall_-_,SAFE,Dung_pile_at_Bentley_Hall_-_geograph.org.uk_-_470171.jpg,DS-REAL-SILAGE-HISTORIC,GRP_SILAGE_HISTORIC_5,Corn / Pasture Silage,Pit / Bunker Silage,Natural Farm Lighting,Bunker Clamp,None,CC-BY-SA / Public Domain,https://commons.wikimedia.org/wiki/Category:Silage,Agricultural Extension Archive,E:\silageguard-ai\datasets\processed\vision\SAFE\SAFE_Dung_pile_at_Bentley_Hall_-_geograph.org.uk_-_470171.jpg
IMG_SAFE_Eko-Pasz._Wytwórnia_w_Mońkac,SAFE,Eko-Pasz._Wytwórnia_w_Mońkach_1.jpg,DS-REAL-SILAGE-HISTORIC,GRP_SILAGE_HISTORIC_5,Corn / Pasture Silage,Pit / Bunker Silage,Natural Farm Lighting,Bunker Clamp,None,CC-BY-SA / Public Domain,https://commons.wikimedia.org/wiki/Category:Silage,Agricultural Extension Archive,E:\silageguard-ai\datasets\processed\vision\SAFE\SAFE_Eko-Pasz._Wytwórnia_w_Mońkach_1.jpg
IMG_SAFE_Essilaedje_Douccala.jpg,SAFE,Essilaedje_Douccala.jpg,DS-REAL-SILAGE-HISTORIC,GRP_SILAGE_HISTORIC_5,Corn / Pasture Silage,Pit / Bunker Silage,Natural Farm Lighting,Bunker Clamp,None,CC-BY-SA / Public Domain,https://commons.wikimedia.org/wiki/Category:Silage,Agricultural Extension Archive,E:\silageguard-ai\datasets\processed\vision\SAFE\SAFE_Essilaedje_Douccala.jpg
IMG_SAFE_Ferme_de_Gramont__18_.JPG,SAFE,Ferme_de_Gramont__18_.JPG,DS-REAL-SILAGE-HISTORIC,GRP_SILAGE_HISTORIC_5,Corn / Pasture Silage,Pit / Bunker Silage,Natural Farm Lighting,Bunker Clamp,None,CC-BY-SA / Public Domain,https://commons.wikimedia.org/wiki/Category:Silage,Agricultural Extension Archive,E:\silageguard-ai\datasets\processed\vision\SAFE\SAFE_Ferme_de_Gramont__18_.JPG
IMG_SAFE_Grass_field_and_silage_bales,SAFE,Grass_field_and_silage_bales_-_geograph.org.uk_-_7278793.jpg,DS-REAL-SILAGE-HISTORIC,GRP_SILAGE_HISTORIC_5,Corn / Pasture Silage,Pit / Bunker Silage,Natural Farm Lighting,Bunker Clamp,None,CC-BY-SA / Public Domain,https://commons.wikimedia.org/wiki/Category:Silage,Agricultural Extension Archive,E:\silageguard-ai\datasets\processed\vision\SAFE\SAFE_Grass_field_and_silage_bales_-_geograph.org.uk_-_7278793.jpg
IMG_SAFE_Hazlebadge_Farmhouse_01.jpg,SAFE,Hazlebadge_Farmhouse_01.jpg,DS-REAL-SILAGE-HISTORIC,GRP_SILAGE_HISTORIC_5,Corn / Pasture Silage,Pit / Bunker Silage,Natural Farm Lighting,Bunker Clamp,None,CC-BY-SA / Public Domain,https://commons.wikimedia.org/wiki/Category:Silage,Agricultural Extension Archive,E:\silageguard-ai\datasets\processed\vision\SAFE\SAFE_Hazlebadge_Farmhouse_01.jpg
IMG_SAFE_PikiWiki_Israel_4390_Gan-Shm,SAFE,PikiWiki_Israel_4390_Gan-Shmuel_zk5-_5.jpg,DS-REAL-SILAGE-HISTORIC,GRP_SILAGE_HISTORIC_5,Corn / Pasture Silage,Pit / Bunker Silage,Natural Farm Lighting,Bunker Clamp,None,CC-BY-SA / Public Domain,https://commons.wikimedia.org/wiki/Category:Silage,Agricultural Extension Archive,E:\silageguard-ai\datasets\processed\vision\SAFE\SAFE_PikiWiki_Israel_4390_Gan-Shmuel_zk5-_5.jpg
IMG_SAFE_Beef_cattle_at_Glan_Aber_Far,SAFE,Beef_cattle_at_Glan_Aber_Farm_-_geograph.org.uk_-_292176.jpg,DS-REAL-SILAGE-HISTORIC,GRP_SILAGE_HISTORIC_0,Corn / Pasture Silage,Pit / Bunker Silage,Natural Farm Lighting,Bunker Clamp,None,CC-BY-SA / Public Domain,https://commons.wikimedia.org/wiki/Category:Silage,Agricultural Extension Archive,E:\silageguard-ai\datasets\processed\vision\SAFE\SAFE_Beef_cattle_at_Glan_Aber_Farm_-_geograph.org.uk_-_292176.jpg
IMG_SAFE_Cattle_feed_-_geograph.org.u,SAFE,Cattle_feed_-_geograph.org.uk_-_1765804.jpg,DS-REAL-SILAGE-HISTORIC,GRP_SILAGE_HISTORIC_0,Corn / Pasture Silage,Pit / Bunker Silage,Natural Farm Lighting,Bunker Clamp,None,CC-BY-SA / Public Domain,https://commons.wikimedia.org/wiki/Category:Silage,Agricultural Extension Archive,E:\silageguard-ai\datasets\processed\vision\SAFE\SAFE_Cattle_feed_-_geograph.org.uk_-_1765804.jpg
IMG_SAFE_Dechow_Farm_Silage_Mover__fe,SAFE,Dechow_Farm_Silage_Mover__fe8f175e-155d-4519-3ef9-97827d3f3a8e_.JPG,DS-REAL-SILAGE-HISTORIC,GRP_SILAGE_HISTORIC_0,Corn / Pasture Silage,Pit / Bunker Silage,Natural Farm Lighting,Bunker Clamp,None,CC-BY-SA / Public Domain,https://commons.wikimedia.org/wiki/Category:Silage,Agricultural Extension Archive,E:\silageguard-ai\datasets\processed\vision\SAFE\SAFE_Dechow_Farm_Silage_Mover__fe8f175e-155d-4519-3ef9-97827d3f3a8e_.JPG
IMG_SAFE_Höbalar_i_Salems_kommun_2015,SAFE,Höbalar_i_Salems_kommun_2015.jpg,DS-REAL-SILAGE-HISTORIC,GRP_SILAGE_HISTORIC_0,Corn / Pasture Silage,Pit / Bunker Silage,Natural Farm Lighting,Bunker Clamp,None,CC-BY-SA / Public Domain,https://commons.wikimedia.org/wiki/Category:Silage,Agricultural Extension Archive,E:\silageguard-ai\datasets\processed\vision\SAFE\SAFE_Höbalar_i_Salems_kommun_2015.jpg
IMG_SAFE_Pit_silo_a_success__82042201,SAFE,Pit_silo_a_success__8204220162_.jpg,DS-REAL-SILAGE-HISTORIC,GRP_SILAGE_HISTORIC_0,Corn / Pasture Silage,Pit / Bunker Silage,Natural Farm Lighting,Bunker Clamp,None,CC-BY-SA / Public Domain,https://commons.wikimedia.org/wiki/Category:Silage,Agricultural Extension Archive,E:\silageguard-ai\datasets\processed\vision\SAFE\SAFE_Pit_silo_a_success__8204220162_.jpg
IMG_SAFE_Silage_clamp__Cowarne_Court_,SAFE,Silage_clamp__Cowarne_Court_-_geograph.org.uk_-_455374.jpg,DS-REAL-SILAGE-HISTORIC,GRP_SILAGE_HISTORIC_0,Corn / Pasture Silage,Pit / Bunker Silage,Natural Farm Lighting,Bunker Clamp,None,CC-BY-SA / Public Domain,https://commons.wikimedia.org/wiki/Category:Silage,Agricultural Extension Archive,E:\silageguard-ai\datasets\processed\vision\SAFE\SAFE_Silage_clamp__Cowarne_Court_-_geograph.org.uk_-_455374.jpg
IMG_SAFE_The_ensilage_of_maize__and_o,SAFE,The_ensilage_of_maize__and_other_green_fodder_crops__1879___14595588039_.jpg,DS-REAL-SILAGE-HISTORIC,GRP_SILAGE_HISTORIC_0,Corn / Pasture Silage,Pit / Bunker Silage,Natural Farm Lighting,Bunker Clamp,None,CC-BY-SA / Public Domain,https://commons.wikimedia.org/wiki/Category:Silage,Agricultural Extension Archive,E:\silageguard-ai\datasets\processed\vision\SAFE\SAFE_The_ensilage_of_maize__and_other_green_fodder_crops__1879___14595588039_.jpg
IMG_UNSAFE_Aspegillus_brasiliensis.jpg,UNSAFE,Aspegillus_brasiliensis.jpg,DS-REAL-MOLD-HISTORIC,GRP_MOLD_HISTORIC_6,Silage Substrate / Grain Feed,Fungal Spoilage Crust,Laboratory / Field Microscopy,Spoiled Bunker Layer,Aspergillus / Penicillium spp.,CC-BY-SA 4.0 / NIH Public,https://commons.wikimedia.org/wiki/Category:Aspergillus,Microbiology / Agricultural Archive,E:\silageguard-ai\datasets\processed\vision\UNSAFE\UNSAFE_Aspegillus_brasiliensis.jpg
IMG_UNSAFE_Aspergillus.spp.jpg,UNSAFE,Aspergillus.spp.jpg,DS-REAL-MOLD-HISTORIC,GRP_MOLD_HISTORIC_6,Silage Substrate / Grain Feed,Fungal Spoilage Crust,Laboratory / Field Microscopy,Spoiled Bunker Layer,Aspergillus / Penicillium spp.,CC-BY-SA 4.0 / NIH Public,https://commons.wikimedia.org/wiki/Category:Aspergillus,Microbiology / Agricultural Archive,E:\silageguard-ai\datasets\processed\vision\UNSAFE\UNSAFE_Aspergillus.spp.jpg
IMG_UNSAFE_Aspergillus_colony_under_the,UNSAFE,Aspergillus_colony_under_the_microscope.jpg,DS-REAL-MOLD-HISTORIC,GRP_MOLD_HISTORIC_6,Silage Substrate / Grain Feed,Fungal Spoilage Crust,Laboratory / Field Microscopy,Spoiled Bunker Layer,Aspergillus / Penicillium spp.,CC-BY-SA 4.0 / NIH Public,https://commons.wikimedia.org/wiki/Category:Aspergillus,Microbiology / Agricultural Archive,E:\silageguard-ai\datasets\processed\vision\UNSAFE\UNSAFE_Aspergillus_colony_under_the_microscope.jpg
IMG_UNSAFE_Bread_Mold__NIH_BioArt_705_-,UNSAFE,Bread_Mold__NIH_BioArt_705_-_788829_.png,DS-REAL-MOLD-HISTORIC,GRP_MOLD_HISTORIC_6,Silage Substrate / Grain Feed,Fungal Spoilage Crust,Laboratory / Field Microscopy,Spoiled Bunker Layer,Aspergillus / Penicillium spp.,CC-BY-SA 4.0 / NIH Public,https://commons.wikimedia.org/wiki/Category:Aspergillus,Microbiology / Agricultural Archive,E:\silageguard-ai\datasets\processed\vision\UNSAFE\UNSAFE_Bread_Mold__NIH_BioArt_705_-_788829_.jpg
IMG_UNSAFE_Comparative_Colony_Morpholog,UNSAFE,Comparative_Colony_Morphology_of_Various_Aspergillus_Species_on_a_Quad-Plate_of_PDA.jpg,DS-REAL-MOLD-HISTORIC,GRP_MOLD_HISTORIC_6,Silage Substrate / Grain Feed,Fungal Spoilage Crust,Laboratory / Field Microscopy,Spoiled Bunker Layer,Aspergillus / Penicillium spp.,CC-BY-SA 4.0 / NIH Public,https://commons.wikimedia.org/wiki/Category:Aspergillus,Microbiology / Agricultural Archive,E:\silageguard-ai\datasets\processed\vision\UNSAFE\UNSAFE_Comparative_Colony_Morphology_of_Various_Aspergillus_Species_on_a_Quad-Plate_of_PDA.jpg
IMG_UNSAFE_Conidia__Strigma__Vesicle__a,UNSAFE,Conidia__Strigma__Vesicle__and_Conidiophores_of_Aspergillus_in_LPCB_Tease_Mount_Microscopy.jpg,DS-REAL-MOLD-HISTORIC,GRP_MOLD_HISTORIC_6,Silage Substrate / Grain Feed,Fungal Spoilage Crust,Laboratory / Field Microscopy,Spoiled Bunker Layer,Aspergillus / Penicillium spp.,CC-BY-SA 4.0 / NIH Public,https://commons.wikimedia.org/wiki/Category:Aspergillus,Microbiology / Agricultural Archive,E:\silageguard-ai\datasets\processed\vision\UNSAFE\UNSAFE_Conidia__Strigma__Vesicle__and_Conidiophores_of_Aspergillus_in_LPCB_Tease_Mount_Microscopy.jpg
IMG_UNSAFE_Dornbirn-Bread_mold-02ASD.jp,UNSAFE,Dornbirn-Bread_mold-02ASD.jpg,DS-REAL-MOLD-HISTORIC,GRP_MOLD_HISTORIC_6,Silage Substrate / Grain Feed,Fungal Spoilage Crust,Laboratory / Field Microscopy,Spoiled Bunker Layer,Aspergillus / Penicillium spp.,CC-BY-SA 4.0 / NIH Public,https://commons.wikimedia.org/wiki/Category:Aspergillus,Microbiology / Agricultural Archive,E:\silageguard-ai\datasets\processed\vision\UNSAFE\UNSAFE_Dornbirn-Bread_mold-02ASD.jpg
IMG_UNSAFE_Aspergillus_34156175.jpg,UNSAFE,Aspergillus_34156175.jpg,DS-REAL-MOLD-HISTORIC,GRP_MOLD_HISTORIC_1,Silage Substrate / Grain Feed,Fungal Spoilage Crust,Laboratory / Field Microscopy,Spoiled Bunker Layer,Aspergillus / Penicillium spp.,CC-BY-SA 4.0 / NIH Public,https://commons.wikimedia.org/wiki/Category:Aspergillus,Microbiology / Agricultural Archive,E:\silageguard-ai\datasets\processed\vision\UNSAFE\UNSAFE_Aspergillus_34156175.jpg
IMG_UNSAFE_Aspergillus_illustr.png,UNSAFE,Aspergillus_illustr.png,DS-REAL-MOLD-HISTORIC,GRP_MOLD_HISTORIC_1,Silage Substrate / Grain Feed,Fungal Spoilage Crust,Laboratory / Field Microscopy,Spoiled Bunker Layer,Aspergillus / Penicillium spp.,CC-BY-SA 4.0 / NIH Public,https://commons.wikimedia.org/wiki/Category:Aspergillus,Microbiology / Agricultural Archive,E:\silageguard-ai\datasets\processed\vision\UNSAFE\UNSAFE_Aspergillus_illustr.jpg
IMG_UNSAFE_Aspergillus_spp.jpg,UNSAFE,Aspergillus_spp.jpg,DS-REAL-MOLD-HISTORIC,GRP_MOLD_HISTORIC_1,Silage Substrate / Grain Feed,Fungal Spoilage Crust,Laboratory / Field Microscopy,Spoiled Bunker Layer,Aspergillus / Penicillium spp.,CC-BY-SA 4.0 / NIH Public,https://commons.wikimedia.org/wiki/Category:Aspergillus,Microbiology / Agricultural Archive,E:\silageguard-ai\datasets\processed\vision\UNSAFE\UNSAFE_Aspergillus_spp.jpg
IMG_UNSAFE_A_Moldy_Loaf_of_Bread.jpg,UNSAFE,A_Moldy_Loaf_of_Bread.jpg,DS-REAL-MOLD-HISTORIC,GRP_MOLD_HISTORIC_1,Silage Substrate / Grain Feed,Fungal Spoilage Crust,Laboratory / Field Microscopy,Spoiled Bunker Layer,Aspergillus / Penicillium spp.,CC-BY-SA 4.0 / NIH Public,https://commons.wikimedia.org/wiki/Category:Aspergillus,Microbiology / Agricultural Archive,E:\silageguard-ai\datasets\processed\vision\UNSAFE\UNSAFE_A_Moldy_Loaf_of_Bread.jpg
IMG_UNSAFE_Bread_Mold__NIH_BioArt_705_-,UNSAFE,Bread_Mold__NIH_BioArt_705_-_788834_.png,DS-REAL-MOLD-HISTORIC,GRP_MOLD_HISTORIC_1,Silage Substrate / Grain Feed,Fungal Spoilage Crust,Laboratory / Field Microscopy,Spoiled Bunker Layer,Aspergillus / Penicillium spp.,CC-BY-SA 4.0 / NIH Public,https://commons.wikimedia.org/wiki/Category:Aspergillus,Microbiology / Agricultural Archive,E:\silageguard-ai\datasets\processed\vision\UNSAFE\UNSAFE_Bread_Mold__NIH_BioArt_705_-_788834_.jpg
IMG_UNSAFE_Comparative_Colony_Morpholog,UNSAFE,Comparative_Colony_Morphology_of_Various_Aspergillus_Species_on_a_Quad-Plate_of_Sabouraud_dextrose_agar__SDA_.jpg,DS-REAL-MOLD-HISTORIC,GRP_MOLD_HISTORIC_1,Silage Substrate / Grain Feed,Fungal Spoilage Crust,Laboratory / Field Microscopy,Spoiled Bunker Layer,Aspergillus / Penicillium spp.,CC-BY-SA 4.0 / NIH Public,https://commons.wikimedia.org/wiki/Category:Aspergillus,Microbiology / Agricultural Archive,E:\silageguard-ai\datasets\processed\vision\UNSAFE\UNSAFE_Comparative_Colony_Morphology_of_Various_Aspergillus_Species_on_a_Quad-Plate_of_Sabouraud_dextrose_agar__SDA_.jpg
IMG_UNSAFE_Diverses_moisissures_sur_un_,UNSAFE,Diverses_moisissures_sur_un_vieux_gâteau.jpg,DS-REAL-MOLD-HISTORIC,GRP_MOLD_HISTORIC_1,Silage Substrate / Grain Feed,Fungal Spoilage Crust,Laboratory / Field Microscopy,Spoiled Bunker Layer,Aspergillus / Penicillium spp.,CC-BY-SA 4.0 / NIH Public,https://commons.wikimedia.org/wiki/Category:Aspergillus,Microbiology / Agricultural Archive,E:\silageguard-ai\datasets\processed\vision\UNSAFE\UNSAFE_Diverses_moisissures_sur_un_vieux_gâteau.jpg
IMG_UNSAFE_Dornbirn-Bread_mold-03ASD.jp,UNSAFE,Dornbirn-Bread_mold-03ASD.jpg,DS-REAL-MOLD-HISTORIC,GRP_MOLD_HISTORIC_1,Silage Substrate / Grain Feed,Fungal Spoilage Crust,Laboratory / Field Microscopy,Spoiled Bunker Layer,Aspergillus / Penicillium spp.,CC-BY-SA 4.0 / NIH Public,https://commons.wikimedia.org/wiki/Category:Aspergillus,Microbiology / Agricultural Archive,E:\silageguard-ai\datasets\processed\vision\UNSAFE\UNSAFE_Dornbirn-Bread_mold-03ASD.jpg
IMG_UNSAFE_Aspergillus_fumigatus_202002,UNSAFE,Aspergillus_fumigatus_20200217_142127.jpg,DS-REAL-MOLD-HISTORIC,GRP_MOLD_HISTORIC_4,Silage Substrate / Grain Feed,Fungal Spoilage Crust,Laboratory / Field Microscopy,Spoiled Bunker Layer,Aspergillus / Penicillium spp.,CC-BY-SA 4.0 / NIH Public,https://commons.wikimedia.org/wiki/Category:Aspergillus,Microbiology / Agricultural Archive,E:\silageguard-ai\datasets\processed\vision\UNSAFE\UNSAFE_Aspergillus_fumigatus_20200217_142127.jpg
IMG_UNSAFE_Aspergillus_hyphae_in_LPCB_t,UNSAFE,Aspergillus_hyphae_in_LPCB_tease_mount_of_culture_microscopy.jpg,DS-REAL-MOLD-HISTORIC,GRP_MOLD_HISTORIC_4,Silage Substrate / Grain Feed,Fungal Spoilage Crust,Laboratory / Field Microscopy,Spoiled Bunker Layer,Aspergillus / Penicillium spp.,CC-BY-SA 4.0 / NIH Public,https://commons.wikimedia.org/wiki/Category:Aspergillus,Microbiology / Agricultural Archive,E:\silageguard-ai\datasets\processed\vision\UNSAFE\UNSAFE_Aspergillus_hyphae_in_LPCB_tease_mount_of_culture_microscopy.jpg
IMG_UNSAFE_Comparative_Colony_Morpholog,UNSAFE,Comparative_Colony_Morphology_of_Various_Aspergillus_Species_on_a_Quad-Plate_of_CMA.jpg,DS-REAL-MOLD-HISTORIC,GRP_MOLD_HISTORIC_4,Silage Substrate / Grain Feed,Fungal Spoilage Crust,Laboratory / Field Microscopy,Spoiled Bunker Layer,Aspergillus / Penicillium spp.,CC-BY-SA 4.0 / NIH Public,https://commons.wikimedia.org/wiki/Category:Aspergillus,Microbiology / Agricultural Archive,E:\silageguard-ai\datasets\processed\vision\UNSAFE\UNSAFE_Comparative_Colony_Morphology_of_Various_Aspergillus_Species_on_a_Quad-Plate_of_CMA.jpg
IMG_UNSAFE_Conidia__sterigma__vesicle__,UNSAFE,Conidia__sterigma__vesicle__and_conidiophore_of_Aspergillus.jpg,DS-REAL-MOLD-HISTORIC,GRP_MOLD_HISTORIC_4,Silage Substrate / Grain Feed,Fungal Spoilage Crust,Laboratory / Field Microscopy,Spoiled Bunker Layer,Aspergillus / Penicillium spp.,CC-BY-SA 4.0 / NIH Public,https://commons.wikimedia.org/wiki/Category:Aspergillus,Microbiology / Agricultural Archive,E:\silageguard-ai\datasets\processed\vision\UNSAFE\UNSAFE_Conidia__sterigma__vesicle__and_conidiophore_of_Aspergillus.jpg
IMG_UNSAFE_Conidiophore_and_vesicle_of_,UNSAFE,Conidiophore_and_vesicle_of_Aspergillus___400x.jpg,DS-REAL-MOLD-HISTORIC,GRP_MOLD_HISTORIC_4,Silage Substrate / Grain Feed,Fungal Spoilage Crust,Laboratory / Field Microscopy,Spoiled Bunker Layer,Aspergillus / Penicillium spp.,CC-BY-SA 4.0 / NIH Public,https://commons.wikimedia.org/wiki/Category:Aspergillus,Microbiology / Agricultural Archive,E:\silageguard-ai\datasets\processed\vision\UNSAFE\UNSAFE_Conidiophore_and_vesicle_of_Aspergillus___400x.jpg
IMG_UNSAFE_Dornbirn-Bread_mold-06ASD.jp,UNSAFE,Dornbirn-Bread_mold-06ASD.jpg,DS-REAL-MOLD-HISTORIC,GRP_MOLD_HISTORIC_4,Silage Substrate / Grain Feed,Fungal Spoilage Crust,Laboratory / Field Microscopy,Spoiled Bunker Layer,Aspergillus / Penicillium spp.,CC-BY-SA 4.0 / NIH Public,https://commons.wikimedia.org/wiki/Category:Aspergillus,Microbiology / Agricultural Archive,E:\silageguard-ai\datasets\processed\vision\UNSAFE\UNSAFE_Dornbirn-Bread_mold-06ASD.jpg
IMG_UNSAFE_Hongo_Aspergillus.jpg,UNSAFE,Hongo_Aspergillus.jpg,DS-REAL-MOLD-HISTORIC,GRP_MOLD_HISTORIC_4,Silage Substrate / Grain Feed,Fungal Spoilage Crust,Laboratory / Field Microscopy,Spoiled Bunker Layer,Aspergillus / Penicillium spp.,CC-BY-SA 4.0 / NIH Public,https://commons.wikimedia.org/wiki/Category:Aspergillus,Microbiology / Agricultural Archive,E:\silageguard-ai\datasets\processed\vision\UNSAFE\UNSAFE_Hongo_Aspergillus.jpg
IMG_UNSAFE_Aspergillus_fumigatus_colony,UNSAFE,Aspergillus_fumigatus_colony_morphology_on_Sabouraud_dextrose_agar__SDA_.jpg,DS-REAL-MOLD-HISTORIC,GRP_MOLD_HISTORIC_7,Silage Substrate / Grain Feed,Fungal Spoilage Crust,Laboratory / Field Microscopy,Spoiled Bunker Layer,Aspergillus / Penicillium spp.,CC-BY-SA 4.0 / NIH Public,https://commons.wikimedia.org/wiki/Category:Aspergillus,Microbiology / Agricultural Archive,E:\silageguard-ai\datasets\processed\vision\UNSAFE\UNSAFE_Aspergillus_fumigatus_colony_morphology_on_Sabouraud_dextrose_agar__SDA_.jpg
IMG_UNSAFE_Aspergillus_niger_along_with,UNSAFE,Aspergillus_niger_along_with_its_reproductive_structures.jpg,DS-REAL-MOLD-HISTORIC,GRP_MOLD_HISTORIC_7,Silage Substrate / Grain Feed,Fungal Spoilage Crust,Laboratory / Field Microscopy,Spoiled Bunker Layer,Aspergillus / Penicillium spp.,CC-BY-SA 4.0 / NIH Public,https://commons.wikimedia.org/wiki/Category:Aspergillus,Microbiology / Agricultural Archive,E:\silageguard-ai\datasets\processed\vision\UNSAFE\UNSAFE_Aspergillus_niger_along_with_its_reproductive_structures.jpg
IMG_UNSAFE_Asperillus_infected_Peanut.j,UNSAFE,Asperillus_infected_Peanut.jpg,DS-REAL-MOLD-HISTORIC,GRP_MOLD_HISTORIC_7,Silage Substrate / Grain Feed,Fungal Spoilage Crust,Laboratory / Field Microscopy,Spoiled Bunker Layer,Aspergillus / Penicillium spp.,CC-BY-SA 4.0 / NIH Public,https://commons.wikimedia.org/wiki/Category:Aspergillus,Microbiology / Agricultural Archive,E:\silageguard-ai\datasets\processed\vision\UNSAFE\UNSAFE_Asperillus_infected_Peanut.jpg
IMG_UNSAFE_Bread_Mold__NIH_BioArt_705_-,UNSAFE,Bread_Mold__NIH_BioArt_705_-_788838_.png,DS-REAL-MOLD-HISTORIC,GRP_MOLD_HISTORIC_7,Silage Substrate / Grain Feed,Fungal Spoilage Crust,Laboratory / Field Microscopy,Spoiled Bunker Layer,Aspergillus / Penicillium spp.,CC-BY-SA 4.0 / NIH Public,https://commons.wikimedia.org/wiki/Category:Aspergillus,Microbiology / Agricultural Archive,E:\silageguard-ai\datasets\processed\vision\UNSAFE\UNSAFE_Bread_Mold__NIH_BioArt_705_-_788838_.jpg
IMG_UNSAFE_Bread_Mold__NIH_BioArt_705_-,UNSAFE,Bread_Mold__NIH_BioArt_705_-_788854_.png,DS-REAL-MOLD-HISTORIC,GRP_MOLD_HISTORIC_7,Silage Substrate / Grain Feed,Fungal Spoilage Crust,Laboratory / Field Microscopy,Spoiled Bunker Layer,Aspergillus / Penicillium spp.,CC-BY-SA 4.0 / NIH Public,https://commons.wikimedia.org/wiki/Category:Aspergillus,Microbiology / Agricultural Archive,E:\silageguard-ai\datasets\processed\vision\UNSAFE\UNSAFE_Bread_Mold__NIH_BioArt_705_-_788854_.jpg
IMG_UNSAFE_Conidia__sterigma__vesicle__,UNSAFE,Conidia__sterigma__vesicle__conidiophores__foot_cell__hyphae__and_mycelium_of_Aspergillus.jpg,DS-REAL-MOLD-HISTORIC,GRP_MOLD_HISTORIC_7,Silage Substrate / Grain Feed,Fungal Spoilage Crust,Laboratory / Field Microscopy,Spoiled Bunker Layer,Aspergillus / Penicillium spp.,CC-BY-SA 4.0 / NIH Public,https://commons.wikimedia.org/wiki/Category:Aspergillus,Microbiology / Agricultural Archive,E:\silageguard-ai\datasets\processed\vision\UNSAFE\UNSAFE_Conidia__sterigma__vesicle__conidiophores__foot_cell__hyphae__and_mycelium_of_Aspergillus.jpg
IMG_UNSAFE_Dornbirn-Bread_mold-05ASD.jp,UNSAFE,Dornbirn-Bread_mold-05ASD.jpg,DS-REAL-MOLD-HISTORIC,GRP_MOLD_HISTORIC_7,Silage Substrate / Grain Feed,Fungal Spoilage Crust,Laboratory / Field Microscopy,Spoiled Bunker Layer,Aspergillus / Penicillium spp.,CC-BY-SA 4.0 / NIH Public,https://commons.wikimedia.org/wiki/Category:Aspergillus,Microbiology / Agricultural Archive,E:\silageguard-ai\datasets\processed\vision\UNSAFE\UNSAFE_Dornbirn-Bread_mold-05ASD.jpg
IMG_UNSAFE_Aspergillus_fumigatus_Growth,UNSAFE,Aspergillus_fumigatus_Growth_on_Sabouraud_Dextrose_Agar.jpg,DS-REAL-MOLD-HISTORIC,GRP_MOLD_HISTORIC_0,Silage Substrate / Grain Feed,Fungal Spoilage Crust,Laboratory / Field Microscopy,Spoiled Bunker Layer,Aspergillus / Penicillium spp.,CC-BY-SA 4.0 / NIH Public,https://commons.wikimedia.org/wiki/Category:Aspergillus,Microbiology / Agricultural Archive,E:\silageguard-ai\datasets\processed\vision\UNSAFE\UNSAFE_Aspergillus_fumigatus_Growth_on_Sabouraud_Dextrose_Agar.jpg
IMG_UNSAFE_Bread_Mold__NIH_BioArt_705_-,UNSAFE,Bread_Mold__NIH_BioArt_705_-_788862_.png,DS-REAL-MOLD-HISTORIC,GRP_MOLD_HISTORIC_0,Silage Substrate / Grain Feed,Fungal Spoilage Crust,Laboratory / Field Microscopy,Spoiled Bunker Layer,Aspergillus / Penicillium spp.,CC-BY-SA 4.0 / NIH Public,https://commons.wikimedia.org/wiki/Category:Aspergillus,Microbiology / Agricultural Archive,E:\silageguard-ai\datasets\processed\vision\UNSAFE\UNSAFE_Bread_Mold__NIH_BioArt_705_-_788862_.jpg
IMG_UNSAFE_Brot-Schimmel.JPG,UNSAFE,Brot-Schimmel.JPG,DS-REAL-MOLD-HISTORIC,GRP_MOLD_HISTORIC_0,Silage Substrate / Grain Feed,Fungal Spoilage Crust,Laboratory / Field Microscopy,Spoiled Bunker Layer,Aspergillus / Penicillium spp.,CC-BY-SA 4.0 / NIH Public,https://commons.wikimedia.org/wiki/Category:Aspergillus,Microbiology / Agricultural Archive,E:\silageguard-ai\datasets\processed\vision\UNSAFE\UNSAFE_Brot-Schimmel.JPG
IMG_UNSAFE_Dornbirn-Bread_mold-07ASD.jp,UNSAFE,Dornbirn-Bread_mold-07ASD.jpg,DS-REAL-MOLD-HISTORIC,GRP_MOLD_HISTORIC_0,Silage Substrate / Grain Feed,Fungal Spoilage Crust,Laboratory / Field Microscopy,Spoiled Bunker Layer,Aspergillus / Penicillium spp.,CC-BY-SA 4.0 / NIH Public,https://commons.wikimedia.org/wiki/Category:Aspergillus,Microbiology / Agricultural Archive,E:\silageguard-ai\datasets\processed\vision\UNSAFE\UNSAFE_Dornbirn-Bread_mold-07ASD.jpg
IMG_UNSAFE_Egyptian_Netert_Mudat_Scarab,UNSAFE,Egyptian_Netert_Mudat_Scarab_Aspergillus_Spore.png,DS-REAL-MOLD-HISTORIC,GRP_MOLD_HISTORIC_0,Silage Substrate / Grain Feed,Fungal Spoilage Crust,Laboratory / Field Microscopy,Spoiled Bunker Layer,Aspergillus / Penicillium spp.,CC-BY-SA 4.0 / NIH Public,https://commons.wikimedia.org/wiki/Category:Aspergillus,Microbiology / Agricultural Archive,E:\silageguard-ai\datasets\processed\vision\UNSAFE\UNSAFE_Egyptian_Netert_Mudat_Scarab_Aspergillus_Spore.jpg
IMG_SAFE_FileThe_winter_feed_-_geogra,SAFE,FileThe_winter_feed_-_geograph.org.uk_-_72075.jpg,DS-REAL-SILAGE-01,DS-REAL-SILAGE-01_grp_6,Corn / Whole-Crop Silage,Bunker / Pit / Clamp,Natural Daylight / Ambient Bunker,Bunker Pit,None,CC BY-SA 2.0,https://upload.wikimedia.org/wikipedia/commons/a/a1/The_winter_feed_-_geograph.org.uk_-_72075.jpg?utm_source=commons.wikimedia.org&utm_campaign=imageinfo&utm_content=original,"<a rel=""nofollow"" class=""external text"" href=""h...",E:\silageguard-ai\datasets\processed\vision\SAFE\SAFE_FileThe_winter_feed_-_geograph.org.uk_-_72075.jpg
IMG_SAFE_FileTractor_used_for_cleanin,SAFE,FileTractor_used_for_cleaning_cow_sheds_-_geograph.org.uk_-_633505.jpg,DS-REAL-SILAGE-01,DS-REAL-SILAGE-01_grp_8,Corn / Whole-Crop Silage,Bunker / Pit / Clamp,Natural Daylight / Ambient Bunker,Bunker Pit,None,CC BY-SA 2.0,https://upload.wikimedia.org/wikipedia/commons/e/ec/Tractor_used_for_cleaning_cow_sheds_-_geograph.org.uk_-_633505.jpg?utm_source=commons.wikimedia.org&utm_campaign=imageinfo&utm_content=original,"<a rel=""nofollow"" class=""external text"" href=""h...",E:\silageguard-ai\datasets\processed\vision\SAFE\SAFE_FileTractor_used_for_cleaning_cow_sheds_-_geograph.org.uk_-_633505.jpg
IMG_SAFE_FileTransene_aireurs_nive_ro,SAFE,FileTransene_aireurs_nive_rondès_boles.jpg,DS-REAL-SILAGE-01,DS-REAL-SILAGE-01_grp_9,Corn / Whole-Crop Silage,Bunker / Pit / Clamp,Natural Daylight / Ambient Bunker,Bunker Pit,None,CC BY-SA 4.0,https://upload.wikimedia.org/wikipedia/commons/a/a2/Transene_aireurs_nive_rond%C3%A8s_boles.jpg?utm_source=commons.wikimedia.org&utm_campaign=imageinfo&utm_content=original,"<a href=""//commons.wikimedia.org/wiki/User:Lucy...",E:\silageguard-ai\datasets\processed\vision\SAFE\SAFE_FileTransene_aireurs_nive_rondès_boles.jpg
IMG_SAFE_FileUlrichshorst_użytki_roln,SAFE,FileUlrichshorst_użytki_rolne_2016-09-01_p.jpg,DS-REAL-SILAGE-01,DS-REAL-SILAGE-01_grp_10,Corn / Whole-Crop Silage,Bunker / Pit / Clamp,Natural Daylight / Ambient Bunker,Bunker Pit,None,CC BY-SA 3.0,https://upload.wikimedia.org/wikipedia/commons/5/52/Ulrichshorst_u%C5%BCytki_rolne_2016-09-01_p.jpg?utm_source=commons.wikimedia.org&utm_campaign=imageinfo&utm_content=original,"<a href=""//commons.wikimedia.org/wiki/User:Przy...",E:\silageguard-ai\datasets\processed\vision\SAFE\SAFE_FileUlrichshorst_użytki_rolne_2016-09-01_p.jpg
IMG_SAFE_FileUlrichshorst_użytki_roln,SAFE,FileUlrichshorst_użytki_rolne_2016-09-01_p2.jpg,DS-REAL-SILAGE-01,DS-REAL-SILAGE-01_grp_11,Corn / Whole-Crop Silage,Bunker / Pit / Clamp,Natural Daylight / Ambient Bunker,Bunker Pit,None,CC BY-SA 3.0,https://upload.wikimedia.org/wikipedia/commons/7/71/Ulrichshorst_u%C5%BCytki_rolne_2016-09-01_p2.jpg?utm_source=commons.wikimedia.org&utm_campaign=imageinfo&utm_content=original,"<a href=""//commons.wikimedia.org/wiki/User:Przy...",E:\silageguard-ai\datasets\processed\vision\SAFE\SAFE_FileUlrichshorst_użytki_rolne_2016-09-01_p2.jpg
IMG_SAFE_FileAll_Hallows_silage_-_geo,SAFE,FileAll_Hallows_silage_-_geograph.org.uk_-_1440158.jpg,DS-REAL-SILAGE-01,DS-REAL-SILAGE-01_grp_0,Corn / Whole-Crop Silage,Bunker / Pit / Clamp,Natural Daylight / Ambient Bunker,Bunker Pit,None,CC BY-SA 2.0,https://upload.wikimedia.org/wikipedia/commons/c/c9/All_Hallows%2C_silage_-_geograph.org.uk_-_1440158.jpg?utm_source=commons.wikimedia.org&utm_campaign=imageinfo&utm_content=original,"<a rel=""nofollow"" class=""external text"" href=""h...",E:\silageguard-ai\datasets\processed\vision\SAFE\SAFE_FileAll_Hallows_silage_-_geograph.org.uk_-_1440158.jpg
IMG_SAFE_FileЛатыгаль._Сіласная_яма.j,SAFE,FileЛатыгаль._Сіласная_яма.jpg,DS-REAL-SILAGE-01,DS-REAL-SILAGE-01_grp_1,Corn / Whole-Crop Silage,Bunker / Pit / Clamp,Natural Daylight / Ambient Bunker,Bunker Pit,None,CC BY-SA 3.0,https://upload.wikimedia.org/wikipedia/commons/1/11/%D0%9B%D0%B0%D1%82%D1%8B%D0%B3%D0%B0%D0%BB%D1%8C._%D0%A1%D1%96%D0%BB%D0%B0%D1%81%D0%BD%D0%B0%D1%8F_%D1%8F%D0%BC%D0%B0.jpg?utm_source=commons.wikimedia.org&utm_campaign=imageinfo&utm_content=original,"Аляксандр Дзехцяронак (<a rel=""nofollow"" class=...",E:\silageguard-ai\datasets\processed\vision\SAFE\SAFE_FileЛатыгаль._Сіласная_яма.jpg
IMG_SAFE_FileСилосні_башти_колишнього,SAFE,FileСилосні_башти_колишнього_радгоспу_с._Козаровичі.JPG,DS-REAL-SILAGE-01,DS-REAL-SILAGE-01_grp_2,Corn / Whole-Crop Silage,Bunker / Pit / Clamp,Natural Daylight / Ambient Bunker,Bunker Pit,None,CC BY-SA 4.0,https://upload.wikimedia.org/wikipedia/commons/3/30/%D0%A1%D0%B8%D0%BB%D0%BE%D1%81%D0%BD%D1%96_%D0%B1%D0%B0%D1%88%D1%82%D0%B8_%D0%BA%D0%BE%D0%BB%D0%B8%D1%88%D0%BD%D1%8C%D0%BE%D0%B3%D0%BE_%D1%80%D0%B0%D0%B4%D0%B3%D0%BE%D1%81%D0%BF%D1%83_%D1%81._%D0%9A%D0%BE%D0%B7%D0%B0%D1%80%D0%BE%D0%B2%D0%B8%D1%87%D1%96.JPG?utm_source=commons.wikimedia.org&utm_campaign=imageinfo&utm_content=original,"<a href=""//commons.wikimedia.org/w/index.php?ti...",E:\silageguard-ai\datasets\processed\vision\SAFE\SAFE_FileСилосні_башти_колишнього_радгоспу_с._Козаровичі.JPG
IMG_CAUTION_FileOak_leaves_with_autumn_c,CAUTION,FileOak_leaves_with_autumn_coloration.jpg,DS-REAL-AEROBIC-04,DS-REAL-AEROBIC-04_grp_0,Vegetative Agricultural Biomass,Aerobic Exposed Face,Natural Daylight / Ambient Bunker,Uncovered Bunker,Early Yeast / Aerobic Bacteria,CC0,https://upload.wikimedia.org/wikipedia/commons/2/2c/Oak_leaves_with_autumn_coloration.jpg?utm_source=commons.wikimedia.org&utm_campaign=imageinfo&utm_content=original,"<a href=""//commons.wikimedia.org/w/index.php?ti...",E:\silageguard-ai\datasets\processed\vision\CAUTION\CAUTION_FileOak_leaves_with_autumn_coloration.jpg
IMG_CAUTION_FileDecomposition_in_a_garde,CAUTION,FileDecomposition_in_a_garden.jpg,DS-REAL-AEROBIC-04,DS-REAL-AEROBIC-04_grp_0,Vegetative Agricultural Biomass,Aerobic Exposed Face,Natural Daylight / Ambient Bunker,Uncovered Bunker,Early Yeast / Aerobic Bacteria,CC BY 4.0,https://upload.wikimedia.org/wikipedia/commons/5/57/Decomposition_in_a_garden.jpg?utm_source=commons.wikimedia.org&utm_campaign=imageinfo&utm_content=original,"<a href=""//commons.wikimedia.org/w/index.php?ti...",E:\silageguard-ai\datasets\processed\vision\CAUTION\CAUTION_FileDecomposition_in_a_garden.jpg
IMG_CAUTION_FileRed_Box_leaf_in_late_aft,CAUTION,FileRed_Box_leaf_in_late_afternoon_Autumn_sunlight_13483074494.jpg,DS-REAL-AEROBIC-04,DS-REAL-AEROBIC-04_grp_0,Vegetative Agricultural Biomass,Aerobic Exposed Face,Natural Daylight / Ambient Bunker,Uncovered Bunker,Early Yeast / Aerobic Bacteria,CC BY 2.0,https://upload.wikimedia.org/wikipedia/commons/2/25/Red_Box_leaf_in_late_afternoon_Autumn_sunlight_%2813483074494%29.jpg?utm_source=commons.wikimedia.org&utm_campaign=imageinfo&utm_content=original,"<a rel=""nofollow"" class=""external text"" href=""h...",E:\silageguard-ai\datasets\processed\vision\CAUTION\CAUTION_FileRed_Box_leaf_in_late_afternoon_Autumn_sunlight_13483074494.jpg
IMG_CAUTION_FileWiki-Geranium-Molle-Spri,CAUTION,FileWiki-Geranium-Molle-Spring-Automn.jpg,DS-REAL-AEROBIC-04,DS-REAL-AEROBIC-04_grp_1,Vegetative Agricultural Biomass,Aerobic Exposed Face,Natural Daylight / Ambient Bunker,Uncovered Bunker,Early Yeast / Aerobic Bacteria,CC BY-SA 4.0,https://upload.wikimedia.org/wikipedia/commons/f/f8/Wiki-Geranium-Molle-Spring-Automn.jpg?utm_source=commons.wikimedia.org&utm_campaign=imageinfo&utm_content=original,"<a href=""//commons.wikimedia.org/wiki/User:Mark...",E:\silageguard-ai\datasets\processed\vision\CAUTION\CAUTION_FileWiki-Geranium-Molle-Spring-Automn.jpg
IMG_CAUTION_FileDer_Herbst_2014_klopft_a,CAUTION,FileDer_Herbst_2014_klopft_an..._-_panoramio.jpg,DS-REAL-AEROBIC-04,DS-REAL-AEROBIC-04_grp_1,Vegetative Agricultural Biomass,Aerobic Exposed Face,Natural Daylight / Ambient Bunker,Uncovered Bunker,Early Yeast / Aerobic Bacteria,CC BY-SA 3.0,https://upload.wikimedia.org/wikipedia/commons/5/56/Der_Herbst_2014_klopft_an..._-_panoramio.jpg?utm_source=commons.wikimedia.org&utm_campaign=imageinfo&utm_content=original,"<a rel=""nofollow"" class=""external text"" href=""h...",E:\silageguard-ai\datasets\processed\vision\CAUTION\CAUTION_FileDer_Herbst_2014_klopft_an..._-_panoramio.jpg
IMG_CAUTION_FileRotting_leaf_Unsplash.pn,CAUTION,FileRotting_leaf_Unsplash.png,DS-REAL-AEROBIC-04,DS-REAL-AEROBIC-04_grp_1,Vegetative Agricultural Biomass,Aerobic Exposed Face,Natural Daylight / Ambient Bunker,Uncovered Bunker,Early Yeast / Aerobic Bacteria,CC0,https://upload.wikimedia.org/wikipedia/commons/e/e6/Rotting_leaf_%28Unsplash%29.png?utm_source=commons.wikimedia.org&utm_campaign=imageinfo&utm_content=original,"Denis Tunguz <a rel=""nofollow"" class=""external ...",E:\silageguard-ai\datasets\processed\vision\CAUTION\CAUTION_FileRotting_leaf_Unsplash.jpg
IMG_CAUTION_FileAin_Drahem_8.jpg,CAUTION,FileAin_Drahem_8.jpg,DS-REAL-AEROBIC-04,DS-REAL-AEROBIC-04_grp_3,Vegetative Agricultural Biomass,Aerobic Exposed Face,Natural Daylight / Ambient Bunker,Uncovered Bunker,Early Yeast / Aerobic Bacteria,CC BY-SA 4.0,https://upload.wikimedia.org/wikipedia/commons/d/d9/Ain_Drahem_8.jpg?utm_source=commons.wikimedia.org&utm_campaign=imageinfo&utm_content=original,"<a href=""//commons.wikimedia.org/wiki/User:Elar...",E:\silageguard-ai\datasets\processed\vision\CAUTION\CAUTION_FileAin_Drahem_8.jpg
IMG_CAUTION_FileDiseases_of_truck_crops_,CAUTION,FileDiseases_of_truck_crops_-_Ralph_E._Smith_1940_20962945162.jpg,DS-REAL-AEROBIC-04,DS-REAL-AEROBIC-04_grp_3,Vegetative Agricultural Biomass,Aerobic Exposed Face,Natural Daylight / Ambient Bunker,Uncovered Bunker,Early Yeast / Aerobic Bacteria,No restrictions,https://upload.wikimedia.org/wikipedia/commons/b/b7/Diseases_of_truck_crops_-_Ralph_E._Smith_%281940%29_%2820962945162%29.jpg?utm_source=commons.wikimedia.org&utm_campaign=imageinfo&utm_content=original,"<a rel=""nofollow"" class=""external text"" href=""h...",E:\silageguard-ai\datasets\processed\vision\CAUTION\CAUTION_FileDiseases_of_truck_crops_-_Ralph_E._Smith_1940_20962945162.jpg
IMG_CAUTION_FileTurn_Over_an_Old_Leaf_-_,CAUTION,FileTurn_Over_an_Old_Leaf_-_geograph.org.uk_-_1089907.jpg,DS-REAL-AEROBIC-04,DS-REAL-AEROBIC-04_grp_3,Vegetative Agricultural Biomass,Aerobic Exposed Face,Natural Daylight / Ambient Bunker,Uncovered Bunker,Early Yeast / Aerobic Bacteria,CC BY-SA 2.0,https://upload.wikimedia.org/wikipedia/commons/f/fd/Turn_Over_an_Old_Leaf_-_geograph.org.uk_-_1089907.jpg?utm_source=commons.wikimedia.org&utm_campaign=imageinfo&utm_content=original,"<a rel=""nofollow"" class=""external text"" href=""h...",E:\silageguard-ai\datasets\processed\vision\CAUTION\CAUTION_FileTurn_Over_an_Old_Leaf_-_geograph.org.uk_-_1089907.jpg
IMG_CAUTION_FileAutumn_5131878804.jpg,CAUTION,FileAutumn_5131878804.jpg,DS-REAL-AEROBIC-04,DS-REAL-AEROBIC-04_grp_4,Vegetative Agricultural Biomass,Aerobic Exposed Face,Natural Daylight / Ambient Bunker,Uncovered Bunker,Early Yeast / Aerobic Bacteria,CC BY 2.0,https://upload.wikimedia.org/wikipedia/commons/f/ff/Autumn_%285131878804%29.jpg?utm_source=commons.wikimedia.org&utm_campaign=imageinfo&utm_content=original,"<a rel=""nofollow"" class=""external text"" href=""h...",E:\silageguard-ai\datasets\processed\vision\CAUTION\CAUTION_FileAutumn_5131878804.jpg
IMG_CAUTION_FileDrechslera_cactivora.jpg,CAUTION,FileDrechslera_cactivora.jpg,DS-REAL-AEROBIC-04,DS-REAL-AEROBIC-04_grp_4,Vegetative Agricultural Biomass,Aerobic Exposed Face,Natural Daylight / Ambient Bunker,Uncovered Bunker,Early Yeast / Aerobic Bacteria,CC BY-SA 4.0,https://upload.wikimedia.org/wikipedia/commons/f/f5/Drechslera_cactivora.jpg?utm_source=commons.wikimedia.org&utm_campaign=imageinfo&utm_content=original,"<a rel=""nofollow"" class=""external free"" href=""h...",E:\silageguard-ai\datasets\processed\vision\CAUTION\CAUTION_FileDrechslera_cactivora.jpg
IMG_CAUTION_FileWe_find_life_in_the_stra,CAUTION,FileWe_find_life_in_the_strangest_places_1196590810.jpg,DS-REAL-AEROBIC-04,DS-REAL-AEROBIC-04_grp_4,Vegetative Agricultural Biomass,Aerobic Exposed Face,Natural Daylight / Ambient Bunker,Uncovered Bunker,Early Yeast / Aerobic Bacteria,CC BY 2.0,https://upload.wikimedia.org/wikipedia/commons/f/f5/We_find_life_in_the_strangest_places_%281196590810%29.jpg?utm_source=commons.wikimedia.org&utm_campaign=imageinfo&utm_content=original,"<a rel=""nofollow"" class=""external text"" href=""h...",E:\silageguard-ai\datasets\processed\vision\CAUTION\CAUTION_FileWe_find_life_in_the_strangest_places_1196590810.jpg
IMG_CAUTION_FileAutumn_-_leaves_aspen_tr,CAUTION,FileAutumn_-_leaves_aspen_trees.jpg,DS-REAL-AEROBIC-04,DS-REAL-AEROBIC-04_grp_5,Vegetative Agricultural Biomass,Aerobic Exposed Face,Natural Daylight / Ambient Bunker,Uncovered Bunker,Early Yeast / Aerobic Bacteria,CC BY-SA 3.0,https://upload.wikimedia.org/wikipedia/commons/7/7c/Autumn_-_leaves_aspen_trees.jpg?utm_source=commons.wikimedia.org&utm_campaign=imageinfo&utm_content=original,"<a href=""//commons.wikimedia.org/wiki/User:Knop...",E:\silageguard-ai\datasets\processed\vision\CAUTION\CAUTION_FileAutumn_-_leaves_aspen_trees.jpg
IMG_CAUTION_FileEisenia_fetida__cocon.JP,CAUTION,FileEisenia_fetida__cocon.JPG,DS-REAL-AEROBIC-04,DS-REAL-AEROBIC-04_grp_5,Vegetative Agricultural Biomass,Aerobic Exposed Face,Natural Daylight / Ambient Bunker,Uncovered Bunker,Early Yeast / Aerobic Bacteria,CC BY-SA 3.0,https://upload.wikimedia.org/wikipedia/commons/b/b5/Eisenia_fetida_%2B_cocon.JPG?utm_source=commons.wikimedia.org&utm_campaign=imageinfo&utm_content=original,"<a href=""//commons.wikimedia.org/w/index.php?ti...",E:\silageguard-ai\datasets\processed\vision\CAUTION\CAUTION_FileEisenia_fetida__cocon.JPG
IMG_CAUTION_FileXanthomonas-disease.jpg,CAUTION,FileXanthomonas-disease.jpg,DS-REAL-AEROBIC-04,DS-REAL-AEROBIC-04_grp_5,Vegetative Agricultural Biomass,Aerobic Exposed Face,Natural Daylight / Ambient Bunker,Uncovered Bunker,Early Yeast / Aerobic Bacteria,CC BY 4.0,https://upload.wikimedia.org/wikipedia/commons/6/6b/Xanthomonas-disease.jpg?utm_source=commons.wikimedia.org&utm_campaign=imageinfo&utm_content=original,"An SQ, Potnis N, Dow M, Vorhölter FJ, He YQ, Be...",E:\silageguard-ai\datasets\processed\vision\CAUTION\CAUTION_FileXanthomonas-disease.jpg
IMG_CAUTION_FileAutumnal_leaf_-_geograph,CAUTION,FileAutumnal_leaf_-_geograph.org.uk_-_952025.jpg,DS-REAL-AEROBIC-04,DS-REAL-AEROBIC-04_grp_6,Vegetative Agricultural Biomass,Aerobic Exposed Face,Natural Daylight / Ambient Bunker,Uncovered Bunker,Early Yeast / Aerobic Bacteria,CC BY-SA 2.0,https://upload.wikimedia.org/wikipedia/commons/e/eb/Autumnal_leaf_-_geograph.org.uk_-_952025.jpg?utm_source=commons.wikimedia.org&utm_campaign=imageinfo&utm_content=original,"<a rel=""nofollow"" class=""external text"" href=""h...",E:\silageguard-ai\datasets\processed\vision\CAUTION\CAUTION_FileAutumnal_leaf_-_geograph.org.uk_-_952025.jpg
IMG_CAUTION_FileGiant_Chrysolepis_chryso,CAUTION,FileGiant_Chrysolepis_chrysophylla_-_Flickr_-_theforestprimeval_7.jpg,DS-REAL-AEROBIC-04,DS-REAL-AEROBIC-04_grp_6,Vegetative Agricultural Biomass,Aerobic Exposed Face,Natural Daylight / Ambient Bunker,Uncovered Bunker,Early Yeast / Aerobic Bacteria,CC BY-SA 2.0,https://upload.wikimedia.org/wikipedia/commons/e/e6/Giant_Chrysolepis_chrysophylla_-_Flickr_-_theforestprimeval_%287%29.jpg?utm_source=commons.wikimedia.org&utm_campaign=imageinfo&utm_content=original,"<a rel=""nofollow"" class=""external text"" href=""h...",E:\silageguard-ai\datasets\processed\vision\CAUTION\CAUTION_FileGiant_Chrysolepis_chrysophylla_-_Flickr_-_theforestprimeval_7.jpg
IMG_CAUTION_FileBacterial_blight_of_orch,CAUTION,FileBacterial_blight_of_orchid_leaf_at_a_nursery_on_the_island_of_Hawaii_8251192670.jpg,DS-REAL-AEROBIC-04,DS-REAL-AEROBIC-04_grp_7,Vegetative Agricultural Biomass,Aerobic Exposed Face,Natural Daylight / Ambient Bunker,Uncovered Bunker,Early Yeast / Aerobic Bacteria,CC0,https://upload.wikimedia.org/wikipedia/commons/f/fb/Bacterial_blight_of_orchid_leaf_at_a_nursery_on_the_island_of_Hawaii_%288251192670%29.jpg?utm_source=commons.wikimedia.org&utm_campaign=imageinfo&utm_content=original,"<a rel=""nofollow"" class=""external text"" href=""h...",E:\silageguard-ai\datasets\processed\vision\CAUTION\CAUTION_FileBacterial_blight_of_orchid_leaf_at_a_nursery_on_the_island_of_Hawaii_8251192670.jpg
IMG_CAUTION_FileGlobular_springtail_iNat,CAUTION,FileGlobular_springtail_iNat_112688438_b.jpg,DS-REAL-AEROBIC-04,DS-REAL-AEROBIC-04_grp_7,Vegetative Agricultural Biomass,Aerobic Exposed Face,Natural Daylight / Ambient Bunker,Uncovered Bunker,Early Yeast / Aerobic Bacteria,CC BY 4.0,https://upload.wikimedia.org/wikipedia/commons/4/4c/Globular_springtail_iNat_112688438_b.jpg?utm_source=commons.wikimedia.org&utm_campaign=imageinfo&utm_content=original,"<a href=""//commons.wikimedia.org/wiki/User:Alan...",E:\silageguard-ai\datasets\processed\vision\CAUTION\CAUTION_FileGlobular_springtail_iNat_112688438_b.jpg
IMG_CAUTION_FileBlack_rot_of_cabbage_sym,CAUTION,FileBlack_rot_of_cabbage_symptoms.jpg,DS-REAL-AEROBIC-04,DS-REAL-AEROBIC-04_grp_8,Vegetative Agricultural Biomass,Aerobic Exposed Face,Natural Daylight / Ambient Bunker,Uncovered Bunker,Early Yeast / Aerobic Bacteria,CC BY 3.0,https://upload.wikimedia.org/wikipedia/commons/a/ad/Black_rot_of_cabbage_symptoms.jpg?utm_source=commons.wikimedia.org&utm_campaign=imageinfo&utm_content=original,David B. Langston,E:\silageguard-ai\datasets\processed\vision\CAUTION\CAUTION_FileBlack_rot_of_cabbage_symptoms.jpg
IMG_CAUTION_FileGlobular_springtail_iNat,CAUTION,FileGlobular_springtail_iNat_112688438_e.jpg,DS-REAL-AEROBIC-04,DS-REAL-AEROBIC-04_grp_8,Vegetative Agricultural Biomass,Aerobic Exposed Face,Natural Daylight / Ambient Bunker,Uncovered Bunker,Early Yeast / Aerobic Bacteria,CC BY 4.0,https://upload.wikimedia.org/wikipedia/commons/1/11/Globular_springtail_iNat_112688438_e.jpg?utm_source=commons.wikimedia.org&utm_campaign=imageinfo&utm_content=original,"<a href=""//commons.wikimedia.org/wiki/User:Alan...",E:\silageguard-ai\datasets\processed\vision\CAUTION\CAUTION_FileGlobular_springtail_iNat_112688438_e.jpg
IMG_CAUTION_FileBuchenlaub_Herbst.JPG,CAUTION,FileBuchenlaub_Herbst.JPG,DS-REAL-AEROBIC-04,DS-REAL-AEROBIC-04_grp_10,Vegetative Agricultural Biomass,Aerobic Exposed Face,Natural Daylight / Ambient Bunker,Uncovered Bunker,Early Yeast / Aerobic Bacteria,Public domain,https://upload.wikimedia.org/wikipedia/commons/9/92/Buchenlaub_Herbst.JPG?utm_source=commons.wikimedia.org&utm_campaign=imageinfo&utm_content=original,"<a href=""//commons.wikimedia.org/w/index.php?ti...",E:\silageguard-ai\datasets\processed\vision\CAUTION\CAUTION_FileBuchenlaub_Herbst.JPG
IMG_CAUTION_FileLosses_to_cotton_what_to,CAUTION,FileLosses_to_cotton_what_to_look_for_and_where_to_find_it_being_one_of_a_series_of_articles_in_relation_to_crops_their_common_diseases_and_insect_pests_to_which_they_are_subject_1919_14591292539.jpg,DS-REAL-AEROBIC-04,DS-REAL-AEROBIC-04_grp_10,Vegetative Agricultural Biomass,Aerobic Exposed Face,Natural Daylight / Ambient Bunker,Uncovered Bunker,Early Yeast / Aerobic Bacteria,No restrictions,https://upload.wikimedia.org/wikipedia/commons/c/cb/Losses_to_cotton%2C_what_to_look_for_and_where_to_find_it%2C_being_one_of_a_series_of_articles_in_relation_to_crops%2C_their_common_diseases_and_insect_pests_to_which_they_are_subject_%281919%29_%2814591292539%29.jpg?utm_source=commons.wikimedia.org&utm_campaign=imageinfo&utm_content=original,"<a rel=""nofollow"" class=""external text"" href=""h...",E:\silageguard-ai\datasets\processed\vision\CAUTION\CAUTION_FileLosses_to_cotton_what_to_look_for_and_where_to_find_it_being_one_of_a_series_of_articles_in_relation_to_crops_their_common_diseases_and_insect_pests_to_which_they_are_subject_1919_14591292539.jpg
IMG_CAUTION_FileDecomposition_and_Ant_Hi,CAUTION,FileDecomposition_and_Ant_Hill.JPG,DS-REAL-AEROBIC-04,DS-REAL-AEROBIC-04_grp_11,Vegetative Agricultural Biomass,Aerobic Exposed Face,Natural Daylight / Ambient Bunker,Uncovered Bunker,Early Yeast / Aerobic Bacteria,CC BY-SA 4.0,https://upload.wikimedia.org/wikipedia/commons/6/6d/Decomposition_and_Ant_Hill.JPG?utm_source=commons.wikimedia.org&utm_campaign=imageinfo&utm_content=original,"<a href=""//commons.wikimedia.org/wiki/User:Cedr...",E:\silageguard-ai\datasets\processed\vision\CAUTION\CAUTION_FileDecomposition_and_Ant_Hill.JPG
IMG_CAUTION_FileNature_include_decomposi,CAUTION,FileNature_include_decomposition_too.jpg,DS-REAL-AEROBIC-04,DS-REAL-AEROBIC-04_grp_11,Vegetative Agricultural Biomass,Aerobic Exposed Face,Natural Daylight / Ambient Bunker,Uncovered Bunker,Early Yeast / Aerobic Bacteria,CC BY-SA 4.0,https://upload.wikimedia.org/wikipedia/commons/5/50/Nature_include_decomposition_too.jpg?utm_source=commons.wikimedia.org&utm_campaign=imageinfo&utm_content=original,"<a href=""//commons.wikimedia.org/w/index.php?ti...",E:\silageguard-ai\datasets\processed\vision\CAUTION\CAUTION_FileNature_include_decomposition_too.jpg
IMG_UNSAFE_FileMcDonald-s_cheeseburger_,UNSAFE,FileMcDonald-s_cheeseburger_after_a_molding_experiment_-_1_-_2011-11-21.jpg,DS-REAL-MOLD-07,DS-REAL-MOLD-07_grp_9,Grain / Cereal Substrate,Surface Mold Layer,Natural Daylight / Ambient Bunker,Silage Bunker Top Layer,Rhizopus / Penicillium,CC BY-SA 4.0,https://upload.wikimedia.org/wikipedia/commons/d/d4/McDonald-s_cheeseburger_after_a_molding_experiment_-_1_-_2011-11-21.jpg?utm_source=commons.wikimedia.org&utm_campaign=imageinfo&utm_content=original,"<a href=""//commons.wikimedia.org/wiki/User:Wimo...",E:\silageguard-ai\datasets\processed\vision\UNSAFE\UNSAFE_FileMcDonald-s_cheeseburger_after_a_molding_experiment_-_1_-_2011-11-21.jpg
IMG_UNSAFE_FileMoldy_old_bread.JPG,UNSAFE,FileMoldy_old_bread.JPG,DS-REAL-MOLD-07,DS-REAL-MOLD-07_grp_9,Grain / Cereal Substrate,Surface Mold Layer,Natural Daylight / Ambient Bunker,Silage Bunker Top Layer,Rhizopus / Penicillium,Public domain,https://upload.wikimedia.org/wikipedia/commons/4/4f/Moldy_old_bread.JPG?utm_source=commons.wikimedia.org&utm_campaign=imageinfo&utm_content=original,"<a href=""//commons.wikimedia.org/wiki/User:Ciar...",E:\silageguard-ai\datasets\processed\vision\UNSAFE\UNSAFE_FileMoldy_old_bread.JPG
IMG_UNSAFE_FileZygo1001L.jpg,UNSAFE,FileZygo1001L.jpg,DS-REAL-MOLD-07,DS-REAL-MOLD-07_grp_9,Grain / Cereal Substrate,Surface Mold Layer,Natural Daylight / Ambient Bunker,Silage Bunker Top Layer,Rhizopus / Penicillium,CC BY-SA 3.0,https://upload.wikimedia.org/wikipedia/commons/2/2d/Zygo1001L.jpg?utm_source=commons.wikimedia.org&utm_campaign=imageinfo&utm_content=original,"<a href=""//commons.wikimedia.org/w/index.php?ti...",E:\silageguard-ai\datasets\processed\vision\UNSAFE\UNSAFE_FileZygo1001L.jpg
IMG_UNSAFE_FileMcDonald-s_cheeseburger_,UNSAFE,FileMcDonald-s_cheeseburger_after_a_molding_experiment_-_2_-_2011-11-21.jpg,DS-REAL-MOLD-07,DS-REAL-MOLD-07_grp_10,Grain / Cereal Substrate,Surface Mold Layer,Natural Daylight / Ambient Bunker,Silage Bunker Top Layer,Rhizopus / Penicillium,CC BY-SA 4.0,https://upload.wikimedia.org/wikipedia/commons/a/a7/McDonald-s_cheeseburger_after_a_molding_experiment_-_2_-_2011-11-21.jpg?utm_source=commons.wikimedia.org&utm_campaign=imageinfo&utm_content=original,"<a href=""//commons.wikimedia.org/wiki/User:Wimo...",E:\silageguard-ai\datasets\processed\vision\UNSAFE\UNSAFE_FileMcDonald-s_cheeseburger_after_a_molding_experiment_-_2_-_2011-11-21.jpg
IMG_UNSAFE_FileMouldy_bread_alt.jpg,UNSAFE,FileMouldy_bread_alt.jpg,DS-REAL-MOLD-07,DS-REAL-MOLD-07_grp_10,Grain / Cereal Substrate,Surface Mold Layer,Natural Daylight / Ambient Bunker,Silage Bunker Top Layer,Rhizopus / Penicillium,Public domain,https://upload.wikimedia.org/wikipedia/commons/e/eb/Mouldy_bread_alt.jpg?utm_source=commons.wikimedia.org&utm_campaign=imageinfo&utm_content=original,"The original uploader was <a href=""https://en.w...",E:\silageguard-ai\datasets\processed\vision\UNSAFE\UNSAFE_FileMouldy_bread_alt.jpg
IMG_UNSAFE_FileZygo1002.jpg,UNSAFE,FileZygo1002.jpg,DS-REAL-MOLD-07,DS-REAL-MOLD-07_grp_10,Grain / Cereal Substrate,Surface Mold Layer,Natural Daylight / Ambient Bunker,Silage Bunker Top Layer,Rhizopus / Penicillium,CC BY-SA 3.0,https://upload.wikimedia.org/wikipedia/commons/1/1e/Zygo1002.jpg?utm_source=commons.wikimedia.org&utm_campaign=imageinfo&utm_content=original,"<a href=""//commons.wikimedia.org/w/index.php?ti...",E:\silageguard-ai\datasets\processed\vision\UNSAFE\UNSAFE_FileZygo1002.jpg
IMG_UNSAFE_FileMoho_del_Pan_2013_001.JP,UNSAFE,FileMoho_del_Pan_2013_001.JPG,DS-REAL-MOLD-07,DS-REAL-MOLD-07_grp_0,Grain / Cereal Substrate,Surface Mold Layer,Natural Daylight / Ambient Bunker,Silage Bunker Top Layer,Rhizopus / Penicillium,CC BY-SA 3.0,https://upload.wikimedia.org/wikipedia/commons/e/e3/Moho_del_Pan_2013_001.JPG?utm_source=commons.wikimedia.org&utm_campaign=imageinfo&utm_content=original,"<a href=""//commons.wikimedia.org/wiki/User:Vero...",E:\silageguard-ai\datasets\processed\vision\UNSAFE\UNSAFE_FileMoho_del_Pan_2013_001.JPG
IMG_UNSAFE_FileMögel_-_2014.jpg,UNSAFE,FileMögel_-_2014.jpg,DS-REAL-MOLD-07,DS-REAL-MOLD-07_grp_0,Grain / Cereal Substrate,Surface Mold Layer,Natural Daylight / Ambient Bunker,Silage Bunker Top Layer,Rhizopus / Penicillium,CC BY 3.0,https://upload.wikimedia.org/wikipedia/commons/0/04/M%C3%B6gel_-_2014.jpg?utm_source=commons.wikimedia.org&utm_campaign=imageinfo&utm_content=original,"<a href=""//commons.wikimedia.org/wiki/User:Jonn...",E:\silageguard-ai\datasets\processed\vision\UNSAFE\UNSAFE_FileMögel_-_2014.jpg
IMG_UNSAFE_FileZygo1003.jpg,UNSAFE,FileZygo1003.jpg,DS-REAL-MOLD-07,DS-REAL-MOLD-07_grp_0,Grain / Cereal Substrate,Surface Mold Layer,Natural Daylight / Ambient Bunker,Silage Bunker Top Layer,Rhizopus / Penicillium,CC BY-SA 3.0,https://upload.wikimedia.org/wikipedia/commons/f/f4/Zygo1003.jpg?utm_source=commons.wikimedia.org&utm_campaign=imageinfo&utm_content=original,"<a href=""//commons.wikimedia.org/w/index.php?ti...",E:\silageguard-ai\datasets\processed\vision\UNSAFE\UNSAFE_FileZygo1003.jpg
IMG_UNSAFE_FileMoho_del_Pan_2013_002.JP,UNSAFE,FileMoho_del_Pan_2013_002.JPG,DS-REAL-MOLD-07,DS-REAL-MOLD-07_grp_1,Grain / Cereal Substrate,Surface Mold Layer,Natural Daylight / Ambient Bunker,Silage Bunker Top Layer,Rhizopus / Penicillium,CC BY-SA 3.0,https://upload.wikimedia.org/wikipedia/commons/9/92/Moho_del_Pan_2013_002.JPG?utm_source=commons.wikimedia.org&utm_campaign=imageinfo&utm_content=original,"<a href=""//commons.wikimedia.org/wiki/User:Vero...",E:\silageguard-ai\datasets\processed\vision\UNSAFE\UNSAFE_FileMoho_del_Pan_2013_002.JPG
IMG_UNSAFE_FilePlesnivý_chléb_2.jpg,UNSAFE,FilePlesnivý_chléb_2.jpg,DS-REAL-MOLD-07,DS-REAL-MOLD-07_grp_1,Grain / Cereal Substrate,Surface Mold Layer,Natural Daylight / Ambient Bunker,Silage Bunker Top Layer,Rhizopus / Penicillium,CC BY 3.0,https://upload.wikimedia.org/wikipedia/commons/f/f0/Plesniv%C3%BD_chl%C3%A9b_%282%29.jpg?utm_source=commons.wikimedia.org&utm_campaign=imageinfo&utm_content=original,"<a href=""https://cs.wikipedia.org/wiki/User:Dez...",E:\silageguard-ai\datasets\processed\vision\UNSAFE\UNSAFE_FilePlesnivý_chléb_2.jpg
IMG_UNSAFE_FileZygo1003L.jpg,UNSAFE,FileZygo1003L.jpg,DS-REAL-MOLD-07,DS-REAL-MOLD-07_grp_1,Grain / Cereal Substrate,Surface Mold Layer,Natural Daylight / Ambient Bunker,Silage Bunker Top Layer,Rhizopus / Penicillium,CC BY-SA 3.0,https://upload.wikimedia.org/wikipedia/commons/5/51/Zygo1003L.jpg?utm_source=commons.wikimedia.org&utm_campaign=imageinfo&utm_content=original,"<a href=""//commons.wikimedia.org/w/index.php?ti...",E:\silageguard-ai\datasets\processed\vision\UNSAFE\UNSAFE_FileZygo1003L.jpg
IMG_UNSAFE_FileMoho_del_Pan_2013_004.JP,UNSAFE,FileMoho_del_Pan_2013_004.JPG,DS-REAL-MOLD-07,DS-REAL-MOLD-07_grp_3,Grain / Cereal Substrate,Surface Mold Layer,Natural Daylight / Ambient Bunker,Silage Bunker Top Layer,Rhizopus / Penicillium,CC BY-SA 3.0,https://upload.wikimedia.org/wikipedia/commons/e/e6/Moho_del_Pan_2013_004.JPG?utm_source=commons.wikimedia.org&utm_campaign=imageinfo&utm_content=original,"<a href=""//commons.wikimedia.org/wiki/User:Vero...",E:\silageguard-ai\datasets\processed\vision\UNSAFE\UNSAFE_FileMoho_del_Pan_2013_004.JPG
IMG_UNSAFE_FilePSM_V26_D631_Formation_o,UNSAFE,FilePSM_V26_D631_Formation_of_resting_spores_of_bread_mold.jpg,DS-REAL-MOLD-07,DS-REAL-MOLD-07_grp_3,Grain / Cereal Substrate,Surface Mold Layer,Natural Daylight / Ambient Bunker,Silage Bunker Top Layer,Rhizopus / Penicillium,Public domain,https://upload.wikimedia.org/wikipedia/commons/b/b3/PSM_V26_D631_Formation_of_resting_spores_of_bread_mold.jpg?utm_source=commons.wikimedia.org&utm_campaign=imageinfo&utm_content=original,"Unknown author<span style=""display: none;"">Unkn...",E:\silageguard-ai\datasets\processed\vision\UNSAFE\UNSAFE_FilePSM_V26_D631_Formation_of_resting_spores_of_bread_mold.jpg
IMG_UNSAFE_FileZygo1004L.jpg,UNSAFE,FileZygo1004L.jpg,DS-REAL-MOLD-07,DS-REAL-MOLD-07_grp_3,Grain / Cereal Substrate,Surface Mold Layer,Natural Daylight / Ambient Bunker,Silage Bunker Top Layer,Rhizopus / Penicillium,CC BY-SA 3.0,https://upload.wikimedia.org/wikipedia/commons/2/23/Zygo1004L.jpg?utm_source=commons.wikimedia.org&utm_campaign=imageinfo&utm_content=original,"<a href=""//commons.wikimedia.org/w/index.php?ti...",E:\silageguard-ai\datasets\processed\vision\UNSAFE\UNSAFE_FileZygo1004L.jpg
IMG_UNSAFE_FileMoho_del_Pan_2013_005.JP,UNSAFE,FileMoho_del_Pan_2013_005.JPG,DS-REAL-MOLD-07,DS-REAL-MOLD-07_grp_4,Grain / Cereal Substrate,Surface Mold Layer,Natural Daylight / Ambient Bunker,Silage Bunker Top Layer,Rhizopus / Penicillium,CC BY-SA 3.0,https://upload.wikimedia.org/wikipedia/commons/1/12/Moho_del_Pan_2013_005.JPG?utm_source=commons.wikimedia.org&utm_campaign=imageinfo&utm_content=original,"<a href=""//commons.wikimedia.org/wiki/User:Vero...",E:\silageguard-ai\datasets\processed\vision\UNSAFE\UNSAFE_FileMoho_del_Pan_2013_005.JPG
IMG_UNSAFE_FileSlice_of_bread_with_moul,UNSAFE,FileSlice_of_bread_with_mould_1.jpg,DS-REAL-MOLD-07,DS-REAL-MOLD-07_grp_4,Grain / Cereal Substrate,Surface Mold Layer,Natural Daylight / Ambient Bunker,Silage Bunker Top Layer,Rhizopus / Penicillium,CC BY-SA 4.0,https://upload.wikimedia.org/wikipedia/commons/7/76/Slice_of_bread_with_mould_%281%29.jpg?utm_source=commons.wikimedia.org&utm_campaign=imageinfo&utm_content=original,Vincent van Zeijst,E:\silageguard-ai\datasets\processed\vision\UNSAFE\UNSAFE_FileSlice_of_bread_with_mould_1.jpg
IMG_UNSAFE_FileMolded_bread.JPG,UNSAFE,FileMolded_bread.JPG,DS-REAL-MOLD-07,DS-REAL-MOLD-07_grp_5,Grain / Cereal Substrate,Surface Mold Layer,Natural Daylight / Ambient Bunker,Silage Bunker Top Layer,Rhizopus / Penicillium,Public domain,https://upload.wikimedia.org/wikipedia/commons/e/e3/Molded_bread.JPG?utm_source=commons.wikimedia.org&utm_campaign=imageinfo&utm_content=original,"No machine-readable author provided. <a href=""/...",E:\silageguard-ai\datasets\processed\vision\UNSAFE\UNSAFE_FileMolded_bread.JPG
IMG_UNSAFE_FileVerschimmeltes_Brot_2008,UNSAFE,FileVerschimmeltes_Brot_2008-12-07.JPG,DS-REAL-MOLD-07,DS-REAL-MOLD-07_grp_5,Grain / Cereal Substrate,Surface Mold Layer,Natural Daylight / Ambient Bunker,Silage Bunker Top Layer,Rhizopus / Penicillium,CC BY-SA 3.0,https://upload.wikimedia.org/wikipedia/commons/4/40/Verschimmeltes_Brot_2008-12-07.JPG?utm_source=commons.wikimedia.org&utm_campaign=imageinfo&utm_content=original,"<a href=""//commons.wikimedia.org/wiki/User:Wimo...",E:\silageguard-ai\datasets\processed\vision\UNSAFE\UNSAFE_FileVerschimmeltes_Brot_2008-12-07.JPG
IMG_UNSAFE_FileMoldy_Bread.jpg,UNSAFE,FileMoldy_Bread.jpg,DS-REAL-MOLD-07,DS-REAL-MOLD-07_grp_7,Grain / Cereal Substrate,Surface Mold Layer,Natural Daylight / Ambient Bunker,Silage Bunker Top Layer,Rhizopus / Penicillium,CC BY 3.0,https://upload.wikimedia.org/wikipedia/commons/e/eb/Moldy_Bread.jpg?utm_source=commons.wikimedia.org&utm_campaign=imageinfo&utm_content=original,"<a href=""//commons.wikimedia.org/wiki/User:Once...",E:\silageguard-ai\datasets\processed\vision\UNSAFE\UNSAFE_FileMoldy_Bread.jpg
IMG_UNSAFE_FileZygo1000L.jpg,UNSAFE,FileZygo1000L.jpg,DS-REAL-MOLD-07,DS-REAL-MOLD-07_grp_7,Grain / Cereal Substrate,Surface Mold Layer,Natural Daylight / Ambient Bunker,Silage Bunker Top Layer,Rhizopus / Penicillium,CC BY-SA 3.0,https://upload.wikimedia.org/wikipedia/commons/9/9c/Zygo1000L.jpg?utm_source=commons.wikimedia.org&utm_campaign=imageinfo&utm_content=original,"<a href=""//commons.wikimedia.org/w/index.php?ti...",E:\silageguard-ai\datasets\processed\vision\UNSAFE\UNSAFE_FileZygo1000L.jpg
IMG_UNSAFE_FileAscomycetes.jpg,UNSAFE,FileAscomycetes.jpg,DS-REAL-PENICILLIUM-09,DS-REAL-PENICILLIUM-09_grp_6,Forage & Organic Feed Substrate,Blue-Green Mold Mat,Natural Daylight / Ambient Bunker,Unsealed Trench,Penicillium roqueforti / paneum,CC BY-SA 2.5,https://upload.wikimedia.org/wikipedia/commons/e/e7/Ascomycetes.jpg?utm_source=commons.wikimedia.org&utm_campaign=imageinfo&utm_content=original,"<a href=""//commons.wikimedia.org/wiki/User:Midg...",E:\silageguard-ai\datasets\processed\vision\UNSAFE\UNSAFE_FileAscomycetes.jpg
IMG_UNSAFE_FilePenicillium_illustr._2.p,UNSAFE,FilePenicillium_illustr._2.png,DS-REAL-PENICILLIUM-09,DS-REAL-PENICILLIUM-09_grp_6,Forage & Organic Feed Substrate,Blue-Green Mold Mat,Natural Daylight / Ambient Bunker,Unsealed Trench,Penicillium roqueforti / paneum,CC BY-SA 2.5,https://upload.wikimedia.org/wikipedia/commons/8/85/Penicillium_illustr._2.png?utm_source=commons.wikimedia.org&utm_campaign=imageinfo&utm_content=original,"<a href=""https://ja.wikipedia.org/wiki/%E5%88%A...",E:\silageguard-ai\datasets\processed\vision\UNSAFE\UNSAFE_FilePenicillium_illustr._2.jpg
IMG_UNSAFE_FileBrush-like_conidiophores,UNSAFE,FileBrush-like_conidiophores_of_Penicillium__400x.jpg,DS-REAL-PENICILLIUM-09,DS-REAL-PENICILLIUM-09_grp_7,Forage & Organic Feed Substrate,Blue-Green Mold Mat,Natural Daylight / Ambient Bunker,Unsealed Trench,Penicillium roqueforti / paneum,CC0,https://upload.wikimedia.org/wikipedia/commons/f/f7/Brush-like_conidiophores_of_Penicillium_%E2%80%93_400x.jpg?utm_source=commons.wikimedia.org&utm_campaign=imageinfo&utm_content=original,"<a href=""//commons.wikimedia.org/w/index.php?ti...",E:\silageguard-ai\datasets\processed\vision\UNSAFE\UNSAFE_FileBrush-like_conidiophores_of_Penicillium__400x.jpg
IMG_UNSAFE_FilePenicillium_in_LPCB_Teas,UNSAFE,FilePenicillium_in_LPCB_Tease_Mount_Microscopy.jpg,DS-REAL-PENICILLIUM-09,DS-REAL-PENICILLIUM-09_grp_7,Forage & Organic Feed Substrate,Blue-Green Mold Mat,Natural Daylight / Ambient Bunker,Unsealed Trench,Penicillium roqueforti / paneum,CC BY-SA 4.0,https://upload.wikimedia.org/wikipedia/commons/8/87/Penicillium_in_LPCB_Tease_Mount_Microscopy.jpg?utm_source=commons.wikimedia.org&utm_campaign=imageinfo&utm_content=original,"<a href=""//commons.wikimedia.org/wiki/User:Ajay...",E:\silageguard-ai\datasets\processed\vision\UNSAFE\UNSAFE_FilePenicillium_in_LPCB_Tease_Mount_Microscopy.jpg
IMG_UNSAFE_FileConidiophore_ramifié_nl-,UNSAFE,FileConidiophore_ramifié_nl-txt.jpg,DS-REAL-PENICILLIUM-09,DS-REAL-PENICILLIUM-09_grp_9,Forage & Organic Feed Substrate,Blue-Green Mold Mat,Natural Daylight / Ambient Bunker,Unsealed Trench,Penicillium roqueforti / paneum,CC BY-SA 3.0,https://upload.wikimedia.org/wikipedia/commons/d/d1/Conidiophore_ramifi%C3%A9_nl-txt.jpg?utm_source=commons.wikimedia.org&utm_campaign=imageinfo&utm_content=original,"<a href=""//commons.wikimedia.org/wiki/User:Rasb...",E:\silageguard-ai\datasets\processed\vision\UNSAFE\UNSAFE_FileConidiophore_ramifié_nl-txt.jpg
IMG_UNSAFE_FilePenicillium_labeled_crop,UNSAFE,FilePenicillium_labeled_cropped.jpg,DS-REAL-PENICILLIUM-09,DS-REAL-PENICILLIUM-09_grp_9,Forage & Organic Feed Substrate,Blue-Green Mold Mat,Natural Daylight / Ambient Bunker,Unsealed Trench,Penicillium roqueforti / paneum,CC BY-SA 3.0,https://upload.wikimedia.org/wikipedia/commons/3/30/Penicillium_labeled_cropped.jpg?utm_source=commons.wikimedia.org&utm_campaign=imageinfo&utm_content=original,"<ul><li><a href=""//commons.wikimedia.org/wiki/F...",E:\silageguard-ai\datasets\processed\vision\UNSAFE\UNSAFE_FilePenicillium_labeled_cropped.jpg
IMG_UNSAFE_FilePenicillium_illust.png,UNSAFE,FilePenicillium_illust.png,DS-REAL-PENICILLIUM-09,DS-REAL-PENICILLIUM-09_grp_5,Forage & Organic Feed Substrate,Blue-Green Mold Mat,Natural Daylight / Ambient Bunker,Unsealed Trench,Penicillium roqueforti / paneum,CC BY-SA 3.0,https://upload.wikimedia.org/wikipedia/commons/c/c5/Penicillium_illust.png?utm_source=commons.wikimedia.org&utm_campaign=imageinfo&utm_content=original,"<a href=""https://ja.wikipedia.org/wiki/%E5%88%A...",E:\silageguard-ai\datasets\processed\vision\UNSAFE\UNSAFE_FilePenicillium_illust.jpg
IMG_UNSAFE_FilePenicillium_Pengo.jpg,UNSAFE,FilePenicillium_Pengo.jpg,DS-REAL-PENICILLIUM-09,DS-REAL-PENICILLIUM-09_grp_5,Forage & Organic Feed Substrate,Blue-Green Mold Mat,Natural Daylight / Ambient Bunker,Unsealed Trench,Penicillium roqueforti / paneum,CC BY-SA 3.0,https://upload.wikimedia.org/wikipedia/commons/f/fe/Penicillium_Pengo.jpg?utm_source=commons.wikimedia.org&utm_campaign=imageinfo&utm_content=original,Wikimedia Contributor,E:\silageguard-ai\datasets\processed\vision\UNSAFE\UNSAFE_FilePenicillium_Pengo.jpg
IMG_UNSAFE_FilePenicillium_labeled.jpg,UNSAFE,FilePenicillium_labeled.jpg,DS-REAL-PENICILLIUM-09,DS-REAL-PENICILLIUM-09_grp_10,Forage & Organic Feed Substrate,Blue-Green Mold Mat,Natural Daylight / Ambient Bunker,Unsealed Trench,Penicillium roqueforti / paneum,CC BY-SA 3.0,https://upload.wikimedia.org/wikipedia/commons/c/c9/Penicillium_labeled.jpg?utm_source=commons.wikimedia.org&utm_campaign=imageinfo&utm_content=original,"<a href=""//commons.wikimedia.org/wiki/User:Y_ta...",E:\silageguard-ai\datasets\processed\vision\UNSAFE\UNSAFE_FilePenicillium_labeled.jpg
IMG_UNSAFE_FilePenicillium_MKL_Bd._14_1,UNSAFE,FilePenicillium_MKL_Bd._14_1890_128630436.jpg,DS-REAL-PENICILLIUM-09,DS-REAL-PENICILLIUM-09_grp_11,Forage & Organic Feed Substrate,Blue-Green Mold Mat,Natural Daylight / Ambient Bunker,Unsealed Trench,Penicillium roqueforti / paneum,Public domain,https://upload.wikimedia.org/wikipedia/commons/4/48/Penicillium_MKL_Bd._14_1890_%28128630436%29.jpg?utm_source=commons.wikimedia.org&utm_campaign=imageinfo&utm_content=original,"Unknown author<span style=""display: none;"">Unkn...",E:\silageguard-ai\datasets\processed\vision\UNSAFE\UNSAFE_FilePenicillium_MKL_Bd._14_1890_128630436.jpg
IMG_UNSAFE_FilePenicillium_olsonii.jpg,UNSAFE,FilePenicillium_olsonii.jpg,DS-REAL-PENICILLIUM-09,DS-REAL-PENICILLIUM-09_grp_2,Forage & Organic Feed Substrate,Blue-Green Mold Mat,Natural Daylight / Ambient Bunker,Unsealed Trench,Penicillium roqueforti / paneum,CC BY 4.0,https://upload.wikimedia.org/wikipedia/commons/3/33/Penicillium_olsonii.jpg?utm_source=commons.wikimedia.org&utm_campaign=imageinfo&utm_content=original,"Lo, Y.-C., Bruxaux, J., Rodríguez de la Vega, R...",E:\silageguard-ai\datasets\processed\vision\UNSAFE\UNSAFE_FilePenicillium_olsonii.jpg
IMG_UNSAFE_FilePenicillium_sp._conidiop,UNSAFE,FilePenicillium_sp._conidiophore.jpg,DS-REAL-PENICILLIUM-09,DS-REAL-PENICILLIUM-09_grp_3,Forage & Organic Feed Substrate,Blue-Green Mold Mat,Natural Daylight / Ambient Bunker,Unsealed Trench,Penicillium roqueforti / paneum,CC BY-SA 4.0,https://upload.wikimedia.org/wikipedia/commons/6/65/Penicillium_sp._conidiophore.jpg?utm_source=commons.wikimedia.org&utm_campaign=imageinfo&utm_content=original,AJC1,E:\silageguard-ai\datasets\processed\vision\UNSAFE\UNSAFE_FilePenicillium_sp._conidiophore.jpg
