image_id,dataset_id,source,source_image_id,source_url,local_raw_path,processed_path,crop_type,sample_type,original_label,normalized_label,label_source,capture_type,real_or_synthetic,license,group_id,split,sha256
IMG-REAL-0001,DS-REAL-COMMONS-SILAGE-01,Wikimedia Commons Silage Archive,File:2010 10 20 Gulen Molde 153.jpg,https://upload.wikimedia.org/wikipedia/commons/8/87/2010_10_20_Gulen_Molde_153.jpg?utm_source=commons.wikimedia.org&utm_campaign=imageinfo&utm_content=original,raw\vision\source_001_silage\2010_10_20_Gulen_Molde_153.jpg,processed\vision\test\NO_MOLD\IMG-REAL-0001.jpg,Whole-Plant Silage / Forage,Chopped Silage / Bunker Face / Bales,NO_MOLD,NO_MOLD,COMMONS_EXPERT_ANNOTATION,REAL_PHOTOGRAPH,REAL,CC BY-SA 3.0,GRP-source_001_silage-01,test,2d5f5b9f5286f673639e16cb36229adde414e484bda38132788df7f57a8fe882
IMG-REAL-0002,DS-REAL-COMMONS-SILAGE-01,Wikimedia Commons Silage Archive,File:A book on silage (1895) (20212021020).jpg,https://upload.wikimedia.org/wikipedia/commons/b/be/A_book_on_silage_%281895%29_%2820212021020%29.jpg?utm_source=commons.wikimedia.org&utm_campaign=imageinfo&utm_content=original,raw\vision\source_001_silage\A_book_on_silage__1895___20212021020_.jpg,processed\vision\test\NO_MOLD\IMG-REAL-0002.jpg,Whole-Plant Silage / Forage,Chopped Silage / Bunker Face / Bales,NO_MOLD,NO_MOLD,COMMONS_EXPERT_ANNOTATION,REAL_PHOTOGRAPH,REAL,No restrictions,GRP-source_001_silage-01,test,9a10e674f614385b08a77fd0196759c420875120ba7f4511ef4263edb7e2a3d7
IMG-REAL-0003,DS-REAL-COMMONS-SILAGE-01,Wikimedia Commons Silage Archive,File:A book on silage (1895) (20406260011).jpg,https://upload.wikimedia.org/wikipedia/commons/2/21/A_book_on_silage_%281895%29_%2820406260011%29.jpg?utm_source=commons.wikimedia.org&utm_campaign=imageinfo&utm_content=original,raw\vision\source_001_silage\A_book_on_silage__1895___20406260011_.jpg,processed\vision\test\NO_MOLD\IMG-REAL-0003.jpg,Whole-Plant Silage / Forage,Chopped Silage / Bunker Face / Bales,NO_MOLD,NO_MOLD,COMMONS_EXPERT_ANNOTATION,REAL_PHOTOGRAPH,REAL,No restrictions,GRP-source_001_silage-01,test,e01d8a79dc815393c9dd75ff1ebfed8c99430e99eb24cd9410950dd59b6deb66
IMG-REAL-0004,DS-REAL-COMMONS-SILAGE-01,Wikimedia Commons Silage Archive,File:Agriculture in Belarus.jpg,https://upload.wikimedia.org/wikipedia/commons/0/04/Agriculture_in_Belarus.jpg?utm_source=commons.wikimedia.org&utm_campaign=imageinfo&utm_content=original,raw\vision\source_001_silage\Agriculture_in_Belarus.jpg,processed\vision\test\NO_MOLD\IMG-REAL-0004.jpg,Whole-Plant Silage / Forage,Chopped Silage / Bunker Face / Bales,NO_MOLD,NO_MOLD,COMMONS_EXPERT_ANNOTATION,REAL_PHOTOGRAPH,REAL,CC BY 3.0,GRP-source_001_silage-01,test,0a6d2403aea36dbbef758324207fe21202f8304b0dc1d7e69a5b7214874afbcc
IMG-REAL-0005,DS-REAL-COMMONS-SILAGE-01,Wikimedia Commons Silage Archive,File:AIV-rehu.JPG,https://upload.wikimedia.org/wikipedia/commons/7/76/AIV-rehu.JPG?utm_source=commons.wikimedia.org&utm_campaign=imageinfo&utm_content=original,raw\vision\source_001_silage\AIV-rehu.JPG,processed\vision\test\NO_MOLD\IMG-REAL-0005.jpg,Whole-Plant Silage / Forage,Chopped Silage / Bunker Face / Bales,NO_MOLD,NO_MOLD,COMMONS_EXPERT_ANNOTATION,REAL_PHOTOGRAPH,REAL,CC BY-SA 3.0,GRP-source_001_silage-01,test,0cbc9f6187b748cf1f38bb2ad8754ec5b739ed9de37ff9992836f892c4495985
IMG-REAL-0006,DS-REAL-COMMONS-SILAGE-01,Wikimedia Commons Silage Archive,File:Beef cattle at Glan Aber Farm - geograph.org.uk - 292176.jpg,https://upload.wikimedia.org/wikipedia/commons/f/f5/Beef_cattle_at_Glan_Aber_Farm_-_geograph.org.uk_-_292176.jpg?utm_source=commons.wikimedia.org&utm_campaign=imageinfo&utm_content=original,raw\vision\source_001_silage\Beef_cattle_at_Glan_Aber_Farm_-_geograph.org.uk_-_292176.jpg,processed\vision\test\NO_MOLD\IMG-REAL-0006.jpg,Whole-Plant Silage / Forage,Chopped Silage / Bunker Face / Bales,NO_MOLD,NO_MOLD,COMMONS_EXPERT_ANNOTATION,REAL_PHOTOGRAPH,REAL,CC BY-SA 2.0,GRP-source_001_silage-02,test,13c24893ab87e1d04aa9e3a660b6a11f24e7e0e7e9fee0d45c620174083b0710
IMG-REAL-0007,DS-REAL-COMMONS-SILAGE-01,Wikimedia Commons Silage Archive,File:Biomassehaufen Biogasanlage.jpg,https://upload.wikimedia.org/wikipedia/commons/6/6a/Biomassehaufen_Biogasanlage.jpg?utm_source=commons.wikimedia.org&utm_campaign=imageinfo&utm_content=original,raw\vision\source_001_silage\Biomassehaufen_Biogasanlage.jpg,processed\vision\test\NO_MOLD\IMG-REAL-0007.jpg,Whole-Plant Silage / Forage,Chopped Silage / Bunker Face / Bales,NO_MOLD,NO_MOLD,COMMONS_EXPERT_ANNOTATION,REAL_PHOTOGRAPH,REAL,Public domain,GRP-source_001_silage-02,test,06ab498d182e1c37fe40d0d208134a5cc257867a9343864bb404a07d3e42562b
IMG-REAL-0008,DS-REAL-COMMONS-SILAGE-01,Wikimedia Commons Silage Archive,File:Boles silo moes d' octôbe.jpg,https://upload.wikimedia.org/wikipedia/commons/8/85/Boles_silo_moes_d%27_oct%C3%B4be.jpg?utm_source=commons.wikimedia.org&utm_campaign=imageinfo&utm_content=original,raw\vision\source_001_silage\Boles_silo_moes_d__octôbe.jpg,processed\vision\test\NO_MOLD\IMG-REAL-0008.jpg,Whole-Plant Silage / Forage,Chopped Silage / Bunker Face / Bales,NO_MOLD,NO_MOLD,COMMONS_EXPERT_ANNOTATION,REAL_PHOTOGRAPH,REAL,CC BY-SA 4.0,GRP-source_001_silage-02,test,7d329bdb69532002580bd667d09e9dbc509195be468a33f45f2719efd7bee339
IMG-REAL-0009,DS-REAL-COMMONS-SILAGE-01,Wikimedia Commons Silage Archive,"File:Bundesarchiv Bild 183-W0627-0003, LPG Reinholdshain, Anlegen eines Futtersilos.jpg",https://upload.wikimedia.org/wikipedia/commons/6/6a/Bundesarchiv_Bild_183-W0627-0003%2C_LPG_Reinholdshain%2C_Anlegen_eines_Futtersilos.jpg?utm_source=commons.wikimedia.org&utm_campaign=imageinfo&utm_content=original,raw\vision\source_001_silage\Bundesarchiv_Bild_183-W0627-0003__LPG_Reinholdshain__Anlegen_eines_Futtersilos.jpg,processed\vision\test\NO_MOLD\IMG-REAL-0009.jpg,Whole-Plant Silage / Forage,Chopped Silage / Bunker Face / Bales,NO_MOLD,NO_MOLD,COMMONS_EXPERT_ANNOTATION,REAL_PHOTOGRAPH,REAL,CC BY-SA 3.0 de,GRP-source_001_silage-02,test,4562de43c3b64809860c6733a395c7cbcbb9852b66555b811eb32b3a44c50461
IMG-REAL-0010,DS-REAL-COMMONS-SILAGE-01,Wikimedia Commons Silage Archive,"File:Caption- The four Mission oxen taste silage for the first time in their lives. They licked the ""platter"" clean. circa 1964. (8203129303).jpg",https://upload.wikimedia.org/wikipedia/commons/3/35/Caption-_The_four_Mission_oxen_taste_silage_for_the_first_time_in_their_lives._They_licked_the_%22platter%22_clean._circa_1964._%288203129303%29.jpg?utm_source=commons.wikimedia.org&utm_campaign=imageinfo&utm_content=original,raw\vision\source_001_silage\Caption-_The_four_Mission_oxen_taste_silage_for_the_first_time_in_their_lives._They_licked_the__platter__clean._circa_1964.__8203129303_.jpg,processed\vision\test\NO_MOLD\IMG-REAL-0010.jpg,Whole-Plant Silage / Forage,Chopped Silage / Bunker Face / Bales,NO_MOLD,NO_MOLD,COMMONS_EXPERT_ANNOTATION,REAL_PHOTOGRAPH,REAL,No restrictions,GRP-source_001_silage-02,test,02842be073c651d9e80f1de52d9744d9a5eda940f8d1ae762463ae17684b668f
IMG-REAL-0011,DS-REAL-COMMONS-SILAGE-01,Wikimedia Commons Silage Archive,File:Cattle feed - geograph.org.uk - 1765804.jpg,https://upload.wikimedia.org/wikipedia/commons/0/05/Cattle_feed_-_geograph.org.uk_-_1765804.jpg?utm_source=commons.wikimedia.org&utm_campaign=imageinfo&utm_content=original,raw\vision\source_001_silage\Cattle_feed_-_geograph.org.uk_-_1765804.jpg,processed\vision\train\NO_MOLD\IMG-REAL-0011.jpg,Whole-Plant Silage / Forage,Chopped Silage / Bunker Face / Bales,NO_MOLD,NO_MOLD,COMMONS_EXPERT_ANNOTATION,REAL_PHOTOGRAPH,REAL,CC BY-SA 2.0,GRP-source_001_silage-03,train,063770d7e7033e75026a371f47aa2b4d4f70f9f8e09e3b9be9ec126368830213
IMG-REAL-0012,DS-REAL-COMMONS-SILAGE-01,Wikimedia Commons Silage Archive,File:CLAAS.jpg,https://upload.wikimedia.org/wikipedia/commons/c/c8/CLAAS.jpg?utm_source=commons.wikimedia.org&utm_campaign=imageinfo&utm_content=original,raw\vision\source_001_silage\CLAAS.jpg,processed\vision\train\NO_MOLD\IMG-REAL-0012.jpg,Whole-Plant Silage / Forage,Chopped Silage / Bunker Face / Bales,NO_MOLD,NO_MOLD,COMMONS_EXPERT_ANNOTATION,REAL_PHOTOGRAPH,REAL,CC BY-SA 4.0,GRP-source_001_silage-03,train,5114c9da5fb89213b54eacbee5a12962c5705b93aff81d9b3e27adc0c9f92f8f
IMG-REAL-0013,DS-REAL-COMMONS-SILAGE-01,Wikimedia Commons Silage Archive,File:Concrete silos; a booklet of practical information for the farmer and the rural contractor (1914) (20679534765).jpg,https://upload.wikimedia.org/wikipedia/commons/c/c1/Concrete_silos%3B_a_booklet_of_practical_information_for_the_farmer_and_the_rural_contractor_%281914%29_%2820679534765%29.jpg?utm_source=commons.wikimedia.org&utm_campaign=imageinfo&utm_content=original,raw\vision\source_001_silage\Concrete_silos__a_booklet_of_practical_information_for_the_farmer_and_the_rural_contractor__1914___20679534765_.jpg,processed\vision\train\NO_MOLD\IMG-REAL-0013.jpg,Whole-Plant Silage / Forage,Chopped Silage / Bunker Face / Bales,NO_MOLD,NO_MOLD,COMMONS_EXPERT_ANNOTATION,REAL_PHOTOGRAPH,REAL,No restrictions,GRP-source_001_silage-03,train,8e46860cfb8123aad25aef67b77e211e32854fe7863e053be83e6fc575ba4233
IMG-REAL-0014,DS-REAL-COMMONS-SILAGE-01,Wikimedia Commons Silage Archive,File:Dechow Farm Silage Mover (fe8f175e-155d-4519-3ef9-97827d3f3a8e).JPG,https://upload.wikimedia.org/wikipedia/commons/c/c3/Dechow_Farm_Silage_Mover_%28fe8f175e-155d-4519-3ef9-97827d3f3a8e%29.JPG?utm_source=commons.wikimedia.org&utm_campaign=imageinfo&utm_content=original,raw\vision\source_001_silage\Dechow_Farm_Silage_Mover__fe8f175e-155d-4519-3ef9-97827d3f3a8e_.JPG,processed\vision\train\NO_MOLD\IMG-REAL-0014.jpg,Whole-Plant Silage / Forage,Chopped Silage / Bunker Face / Bales,NO_MOLD,NO_MOLD,COMMONS_EXPERT_ANNOTATION,REAL_PHOTOGRAPH,REAL,Public domain,GRP-source_001_silage-03,train,c5df137bc545f253c061122f94e0b03743546b6d88d1f80e9c41244cf344115a
IMG-REAL-0015,DS-REAL-COMMONS-SILAGE-01,Wikimedia Commons Silage Archive,File:Dung pile at Bentley Hall - geograph.org.uk - 470171.jpg,https://upload.wikimedia.org/wikipedia/commons/9/95/Dung_pile_at_Bentley_Hall_-_geograph.org.uk_-_470171.jpg?utm_source=commons.wikimedia.org&utm_campaign=imageinfo&utm_content=original,raw\vision\source_001_silage\Dung_pile_at_Bentley_Hall_-_geograph.org.uk_-_470171.jpg,processed\vision\train\NO_MOLD\IMG-REAL-0015.jpg,Whole-Plant Silage / Forage,Chopped Silage / Bunker Face / Bales,NO_MOLD,NO_MOLD,COMMONS_EXPERT_ANNOTATION,REAL_PHOTOGRAPH,REAL,CC BY-SA 2.0,GRP-source_001_silage-03,train,27d7a2455c3431983378a04967e4d15ea02c977441dfca76624a59f00da8b0b9
IMG-REAL-0016,DS-REAL-COMMONS-SILAGE-01,Wikimedia Commons Silage Archive,File:Eko-Pasz. Wytwórnia w Mońkach 1.jpg,https://upload.wikimedia.org/wikipedia/commons/9/90/Eko-Pasz._Wytw%C3%B3rnia_w_Mo%C5%84kach_1.jpg?utm_source=commons.wikimedia.org&utm_campaign=imageinfo&utm_content=original,raw\vision\source_001_silage\Eko-Pasz._Wytwórnia_w_Mońkach_1.jpg,processed\vision\train\NO_MOLD\IMG-REAL-0016.jpg,Whole-Plant Silage / Forage,Chopped Silage / Bunker Face / Bales,NO_MOLD,NO_MOLD,COMMONS_EXPERT_ANNOTATION,REAL_PHOTOGRAPH,REAL,CC BY-SA 3.0,GRP-source_001_silage-04,train,79e50f73ed7883cdf66f2d26a42f76b508da2258c3972781cbd8f7b8fca92e4b
IMG-REAL-0017,DS-REAL-COMMONS-SILAGE-01,Wikimedia Commons Silage Archive,File:Essilaedje Douccala.jpg,https://upload.wikimedia.org/wikipedia/commons/8/8a/Essilaedje_Douccala.jpg?utm_source=commons.wikimedia.org&utm_campaign=imageinfo&utm_content=original,raw\vision\source_001_silage\Essilaedje_Douccala.jpg,processed\vision\train\NO_MOLD\IMG-REAL-0017.jpg,Whole-Plant Silage / Forage,Chopped Silage / Bunker Face / Bales,NO_MOLD,NO_MOLD,COMMONS_EXPERT_ANNOTATION,REAL_PHOTOGRAPH,REAL,CC BY-SA 4.0,GRP-source_001_silage-04,train,9f60daebb899c87c8ffa37ffa7456079b9cf1b1a1c414f81d62d7ed304cf76af
IMG-REAL-0018,DS-REAL-COMMONS-SILAGE-01,Wikimedia Commons Silage Archive,File:Fahrsilo mit Beton-Bodenplatte und Seitenwänden.jpg,https://upload.wikimedia.org/wikipedia/commons/4/4e/Fahrsilo_mit_Beton-Bodenplatte_und_Seitenw%C3%A4nden.jpg?utm_source=commons.wikimedia.org&utm_campaign=imageinfo&utm_content=original,raw\vision\source_001_silage\Fahrsilo_mit_Beton-Bodenplatte_und_Seitenwänden.jpg,processed\vision\train\NO_MOLD\IMG-REAL-0018.jpg,Whole-Plant Silage / Forage,Chopped Silage / Bunker Face / Bales,NO_MOLD,NO_MOLD,COMMONS_EXPERT_ANNOTATION,REAL_PHOTOGRAPH,REAL,CC BY 2.0,GRP-source_001_silage-04,train,762b52ddfb18ce94b9c86c0a87eb83338f8c1549e5024817d12b67a09d2b0763
IMG-REAL-0019,DS-REAL-COMMONS-SILAGE-01,Wikimedia Commons Silage Archive,File:Farming activity - geograph.org.uk - 814626.jpg,https://upload.wikimedia.org/wikipedia/commons/8/86/Farming_activity_-_geograph.org.uk_-_814626.jpg?utm_source=commons.wikimedia.org&utm_campaign=imageinfo&utm_content=original,raw\vision\source_001_silage\Farming_activity_-_geograph.org.uk_-_814626.jpg,processed\vision\train\NO_MOLD\IMG-REAL-0019.jpg,Whole-Plant Silage / Forage,Chopped Silage / Bunker Face / Bales,NO_MOLD,NO_MOLD,COMMONS_EXPERT_ANNOTATION,REAL_PHOTOGRAPH,REAL,CC BY-SA 2.0,GRP-source_001_silage-04,train,7578f708e47e063b245991da1563196dd54aa30e8c454379c4cffa32cc1315b7
IMG-REAL-0020,DS-REAL-COMMONS-SILAGE-01,Wikimedia Commons Silage Archive,File:Ferme de Gramont (18).JPG,https://upload.wikimedia.org/wikipedia/commons/a/ac/Ferme_de_Gramont_%2818%29.JPG?utm_source=commons.wikimedia.org&utm_campaign=imageinfo&utm_content=original,raw\vision\source_001_silage\Ferme_de_Gramont__18_.JPG,processed\vision\train\NO_MOLD\IMG-REAL-0020.jpg,Whole-Plant Silage / Forage,Chopped Silage / Bunker Face / Bales,NO_MOLD,NO_MOLD,COMMONS_EXPERT_ANNOTATION,REAL_PHOTOGRAPH,REAL,CC BY-SA 3.0,GRP-source_001_silage-04,train,ae4b5497f9cd016bd68d102d0f6590221c1ac30153837d5dc68a55e143c9995a
IMG-REAL-0021,DS-REAL-COMMONS-SILAGE-01,Wikimedia Commons Silage Archive,File:Fresh Country Air - geograph.org.uk - 1751694.jpg,https://upload.wikimedia.org/wikipedia/commons/8/81/Fresh_Country_Air_-_geograph.org.uk_-_1751694.jpg?utm_source=commons.wikimedia.org&utm_campaign=imageinfo&utm_content=original,raw\vision\source_001_silage\Fresh_Country_Air_-_geograph.org.uk_-_1751694.jpg,processed\vision\val\NO_MOLD\IMG-REAL-0021.jpg,Whole-Plant Silage / Forage,Chopped Silage / Bunker Face / Bales,NO_MOLD,NO_MOLD,COMMONS_EXPERT_ANNOTATION,REAL_PHOTOGRAPH,REAL,CC BY-SA 2.0,GRP-source_001_silage-05,val,fb555cab270e008858c6a1624383dea5ffc75d36ba8632b0919b805c2093ba06
IMG-REAL-0022,DS-REAL-COMMONS-SILAGE-01,Wikimedia Commons Silage Archive,"File:Hekseldatud silo, silo auku valamine.jpg",https://upload.wikimedia.org/wikipedia/commons/1/1e/Hekseldatud_silo%2C_silo_auku_valamine.jpg?utm_source=commons.wikimedia.org&utm_campaign=imageinfo&utm_content=original,raw\vision\source_001_silage\Hekseldatud_silo__silo_auku_valamine.jpg,processed\vision\val\NO_MOLD\IMG-REAL-0022.jpg,Whole-Plant Silage / Forage,Chopped Silage / Bunker Face / Bales,NO_MOLD,NO_MOLD,COMMONS_EXPERT_ANNOTATION,REAL_PHOTOGRAPH,REAL,CC BY-SA 4.0,GRP-source_001_silage-05,val,ea68a5be83f946b65e2aa9d5f1171770fef4843647349778d8f7e62c11e626df
IMG-REAL-0023,DS-REAL-COMMONS-SILAGE-01,Wikimedia Commons Silage Archive,File:Hopea silo blanc plastike Hesbaye.jpg,https://upload.wikimedia.org/wikipedia/commons/9/9f/Hopea_silo_blanc_plastike_Hesbaye.jpg?utm_source=commons.wikimedia.org&utm_campaign=imageinfo&utm_content=original,raw\vision\source_001_silage\Hopea_silo_blanc_plastike_Hesbaye.jpg,processed\vision\val\NO_MOLD\IMG-REAL-0023.jpg,Whole-Plant Silage / Forage,Chopped Silage / Bunker Face / Bales,NO_MOLD,NO_MOLD,COMMONS_EXPERT_ANNOTATION,REAL_PHOTOGRAPH,REAL,CC BY-SA 4.0,GRP-source_001_silage-05,val,cf3f5054c1683b99770a8ec7cbf3b968e3878a1dade6c2df7b4707eb3469ea8f
IMG-REAL-0024,DS-REAL-COMMONS-SILAGE-01,Wikimedia Commons Silage Archive,File:Höbalar i Salems kommun 2015.jpg,https://upload.wikimedia.org/wikipedia/commons/2/24/H%C3%B6balar_i_Salems_kommun_2015.jpg?utm_source=commons.wikimedia.org&utm_campaign=imageinfo&utm_content=original,raw\vision\source_001_silage\Höbalar_i_Salems_kommun_2015.jpg,processed\vision\val\NO_MOLD\IMG-REAL-0024.jpg,Whole-Plant Silage / Forage,Chopped Silage / Bunker Face / Bales,NO_MOLD,NO_MOLD,COMMONS_EXPERT_ANNOTATION,REAL_PHOTOGRAPH,REAL,CC BY-SA 4.0,GRP-source_001_silage-05,val,c0b585944dac60410854f677ef49fcfe7ff9cc42b903ec70fa8b1303af9dbccd
IMG-REAL-0025,DS-REAL-COMMONS-SILAGE-01,Wikimedia Commons Silage Archive,"File:JAしまね くにびき営農部カントリーエレベーター稲蔵 Oct 28, 2025.jpg",https://upload.wikimedia.org/wikipedia/commons/2/2a/JA%E3%81%97%E3%81%BE%E3%81%AD_%E3%81%8F%E3%81%AB%E3%81%B3%E3%81%8D%E5%96%B6%E8%BE%B2%E9%83%A8%E3%82%AB%E3%83%B3%E3%83%88%E3%83%AA%E3%83%BC%E3%82%A8%E3%83%AC%E3%83%99%E3%83%BC%E3%82%BF%E3%83%BC%E7%A8%B2%E8%94%B5_Oct_28%2C_2025.jpg?utm_source=commons.wikimedia.org&utm_campaign=imageinfo&utm_content=original,raw\vision\source_001_silage\JAしまね_くにびき営農部カントリーエレベーター稲蔵_Oct_28__2025.jpg,processed\vision\val\NO_MOLD\IMG-REAL-0025.jpg,Whole-Plant Silage / Forage,Chopped Silage / Bunker Face / Bales,NO_MOLD,NO_MOLD,COMMONS_EXPERT_ANNOTATION,REAL_PHOTOGRAPH,REAL,CC BY 4.0,GRP-source_001_silage-05,val,96889c6f974ef1760c52b2e45c6d08235e92f9a3247e3592a9d2c6ea3f354e3a
IMG-REAL-0026,DS-REAL-COMMONS-SILAGE-01,Wikimedia Commons Silage Archive,"File:Lancaster,PA Silage.png",https://upload.wikimedia.org/wikipedia/commons/9/96/Lancaster%2CPA_Silage.png?utm_source=commons.wikimedia.org&utm_campaign=imageinfo&utm_content=original,raw\vision\source_001_silage\Lancaster_PA_Silage.png,processed\vision\train\NO_MOLD\IMG-REAL-0026.jpg,Whole-Plant Silage / Forage,Chopped Silage / Bunker Face / Bales,NO_MOLD,NO_MOLD,COMMONS_EXPERT_ANNOTATION,REAL_PHOTOGRAPH,REAL,CC BY-SA 4.0,GRP-source_001_silage-06,train,5c3fc184a25172b2d61a5ed36b9f42da37ac49f3ad6cb1cb335e3abe13e603e7
IMG-REAL-0027,DS-REAL-COMMONS-SILAGE-01,Wikimedia Commons Silage Archive,"File:Loaders compacting silage, Revivim 2007.jpg",https://upload.wikimedia.org/wikipedia/commons/6/68/Loaders_compacting_silage%2C_Revivim_2007.jpg?utm_source=commons.wikimedia.org&utm_campaign=imageinfo&utm_content=original,raw\vision\source_001_silage\Loaders_compacting_silage__Revivim_2007.jpg,processed\vision\train\NO_MOLD\IMG-REAL-0027.jpg,Whole-Plant Silage / Forage,Chopped Silage / Bunker Face / Bales,NO_MOLD,NO_MOLD,COMMONS_EXPERT_ANNOTATION,REAL_PHOTOGRAPH,REAL,CC BY-SA 3.0,GRP-source_001_silage-06,train,4b0f07be46ccd91658b9c30d8ddccc0eed00d9cfa47cbc3b856ec3a7f64620e5
IMG-REAL-0028,DS-REAL-COMMONS-SILAGE-01,Wikimedia Commons Silage Archive,File:Machinery12.tif (27098928939).jpg,https://upload.wikimedia.org/wikipedia/commons/5/50/Machinery12.tif_%2827098928939%29.jpg?utm_source=commons.wikimedia.org&utm_campaign=imageinfo&utm_content=original,raw\vision\source_001_silage\Machinery12.tif__27098928939_.jpg,processed\vision\train\NO_MOLD\IMG-REAL-0028.jpg,Whole-Plant Silage / Forage,Chopped Silage / Bunker Face / Bales,NO_MOLD,NO_MOLD,COMMONS_EXPERT_ANNOTATION,REAL_PHOTOGRAPH,REAL,Public domain,GRP-source_001_silage-06,train,38fe17d9b472eea15bf546b9c6b197b6b1a1665f1ebc3817420e9974d6c5749e
IMG-REAL-0029,DS-REAL-COMMONS-SILAGE-01,Wikimedia Commons Silage Archive,File:PikiWiki Israel 2141 Cows in a kibbutz Israel פרה ברפת.jpg,https://upload.wikimedia.org/wikipedia/commons/b/bd/PikiWiki_Israel_2141_Cows_in_a_kibbutz_Israel_%D7%A4%D7%A8%D7%94_%D7%91%D7%A8%D7%A4%D7%AA.jpg?utm_source=commons.wikimedia.org&utm_campaign=imageinfo&utm_content=original,raw\vision\source_001_silage\PikiWiki_Israel_2141_Cows_in_a_kibbutz_Israel_פרה_ברפת.jpg,processed\vision\train\NO_MOLD\IMG-REAL-0029.jpg,Whole-Plant Silage / Forage,Chopped Silage / Bunker Face / Bales,NO_MOLD,NO_MOLD,COMMONS_EXPERT_ANNOTATION,REAL_PHOTOGRAPH,REAL,CC BY 2.5,GRP-source_001_silage-06,train,b7f8fa3b50b4615d2310529ccc0466681ee6ca300e586e3bbd5518a4cd5fb17b
IMG-REAL-0030,DS-REAL-COMMONS-SILAGE-01,Wikimedia Commons Silage Archive,File:PikiWiki Israel 2142 Cows in a kibbutz Israel פרות ברפת בסעודה דשנה.jpg,https://upload.wikimedia.org/wikipedia/commons/c/cd/PikiWiki_Israel_2142_Cows_in_a_kibbutz_Israel_%D7%A4%D7%A8%D7%95%D7%AA_%D7%91%D7%A8%D7%A4%D7%AA_%D7%91%D7%A1%D7%A2%D7%95%D7%93%D7%94_%D7%93%D7%A9%D7%A0%D7%94.jpg?utm_source=commons.wikimedia.org&utm_campaign=imageinfo&utm_content=original,raw\vision\source_001_silage\PikiWiki_Israel_2142_Cows_in_a_kibbutz_Israel_פרות_ברפת_בסעודה_דשנה.jpg,processed\vision\train\NO_MOLD\IMG-REAL-0030.jpg,Whole-Plant Silage / Forage,Chopped Silage / Bunker Face / Bales,NO_MOLD,NO_MOLD,COMMONS_EXPERT_ANNOTATION,REAL_PHOTOGRAPH,REAL,CC BY 2.5,GRP-source_001_silage-06,train,c3fc3a94e0ed298194d3e09b3018fa34c5ee7eca86d5d72012da31cd82abca18
IMG-REAL-0031,DS-REAL-COMMONS-SILAGE-01,Wikimedia Commons Silage Archive,File:PikiWiki Israel 4390 Gan-Shmuel zk5- 5.jpg,https://upload.wikimedia.org/wikipedia/commons/3/32/PikiWiki_Israel_4390_Gan-Shmuel_zk5-_5.jpg?utm_source=commons.wikimedia.org&utm_campaign=imageinfo&utm_content=original,raw\vision\source_001_silage\PikiWiki_Israel_4390_Gan-Shmuel_zk5-_5.jpg,processed\vision\train\NO_MOLD\IMG-REAL-0031.jpg,Whole-Plant Silage / Forage,Chopped Silage / Bunker Face / Bales,NO_MOLD,NO_MOLD,COMMONS_EXPERT_ANNOTATION,REAL_PHOTOGRAPH,REAL,CC BY 2.5,GRP-source_001_silage-07,train,523f60ea47c4b1d16683c6d047831731a285a0f43fdae97f3b41061dbfc6d181
IMG-REAL-0032,DS-REAL-COMMONS-SILAGE-01,Wikimedia Commons Silage Archive,File:Pit silo a success (8204220162).jpg,https://upload.wikimedia.org/wikipedia/commons/b/b6/Pit_silo_a_success_%288204220162%29.jpg?utm_source=commons.wikimedia.org&utm_campaign=imageinfo&utm_content=original,raw\vision\source_001_silage\Pit_silo_a_success__8204220162_.jpg,processed\vision\train\NO_MOLD\IMG-REAL-0032.jpg,Whole-Plant Silage / Forage,Chopped Silage / Bunker Face / Bales,NO_MOLD,NO_MOLD,COMMONS_EXPERT_ANNOTATION,REAL_PHOTOGRAPH,REAL,No restrictions,GRP-source_001_silage-07,train,6fdbfa7c7fa241b5086f37dc45f10325d2499cd26f16f118cb5618af2f2c97e8
IMG-REAL-0033,DS-REAL-COMMONS-SILAGE-01,Wikimedia Commons Silage Archive,File:Queensland State Archives 1753 Fodder crops and conservation South East Queensland March 1955.png,https://upload.wikimedia.org/wikipedia/commons/6/61/Queensland_State_Archives_1753_Fodder_crops_and_conservation_South_East_Queensland_March_1955.png?utm_source=commons.wikimedia.org&utm_campaign=imageinfo&utm_content=original,raw\vision\source_001_silage\Queensland_State_Archives_1753_Fodder_crops_and_conservation_South_East_Queensland_March_1955.png,processed\vision\train\NO_MOLD\IMG-REAL-0033.jpg,Whole-Plant Silage / Forage,Chopped Silage / Bunker Face / Bales,NO_MOLD,NO_MOLD,COMMONS_EXPERT_ANNOTATION,REAL_PHOTOGRAPH,REAL,Public domain,GRP-source_001_silage-07,train,93954eb66fe8993cdea0450bf4545d18437bea4bcb1a456f6fbc9f436c66d690
IMG-REAL-0034,DS-REAL-COMMONS-SILAGE-01,Wikimedia Commons Silage Archive,File:Queensland State Archives 1759 Fodder crops and conservation South East Queensland March 1955.png,https://upload.wikimedia.org/wikipedia/commons/5/53/Queensland_State_Archives_1759_Fodder_crops_and_conservation_South_East_Queensland_March_1955.png?utm_source=commons.wikimedia.org&utm_campaign=imageinfo&utm_content=original,raw\vision\source_001_silage\Queensland_State_Archives_1759_Fodder_crops_and_conservation_South_East_Queensland_March_1955.png,processed\vision\train\NO_MOLD\IMG-REAL-0034.jpg,Whole-Plant Silage / Forage,Chopped Silage / Bunker Face / Bales,NO_MOLD,NO_MOLD,COMMONS_EXPERT_ANNOTATION,REAL_PHOTOGRAPH,REAL,Public domain,GRP-source_001_silage-07,train,78489236b736238dd6bf1bdb0c50d1b4c21918906990f4a384ebed59a2c605c1
IMG-REAL-0035,DS-REAL-COMMONS-SILAGE-01,Wikimedia Commons Silage Archive,File:Recebimento de ração em silo vertical.jpg,https://upload.wikimedia.org/wikipedia/commons/d/d0/Recebimento_de_ra%C3%A7%C3%A3o_em_silo_vertical.jpg?utm_source=commons.wikimedia.org&utm_campaign=imageinfo&utm_content=original,raw\vision\source_001_silage\Recebimento_de_ração_em_silo_vertical.jpg,processed\vision\train\NO_MOLD\IMG-REAL-0035.jpg,Whole-Plant Silage / Forage,Chopped Silage / Bunker Face / Bales,NO_MOLD,NO_MOLD,COMMONS_EXPERT_ANNOTATION,REAL_PHOTOGRAPH,REAL,CC BY-SA 4.0,GRP-source_001_silage-07,train,cc9b5179f17e8d9ec4f14ed69889401dd4a79f9e8d7762a43ad68124bfe44a21
IMG-REAL-0036,DS-REAL-COMMONS-SILAGE-01,Wikimedia Commons Silage Archive,File:Saetchs essilaedje.jpg,https://upload.wikimedia.org/wikipedia/commons/1/18/Saetchs_essilaedje.jpg?utm_source=commons.wikimedia.org&utm_campaign=imageinfo&utm_content=original,raw\vision\source_001_silage\Saetchs_essilaedje.jpg,processed\vision\train\NO_MOLD\IMG-REAL-0036.jpg,Whole-Plant Silage / Forage,Chopped Silage / Bunker Face / Bales,NO_MOLD,NO_MOLD,COMMONS_EXPERT_ANNOTATION,REAL_PHOTOGRAPH,REAL,CC BY-SA 4.0,GRP-source_001_silage-08,train,fa55ff3104db80e016abb40000a29c6ab64a7669d73a3d85221128f2dc09b77e
IMG-REAL-0037,DS-REAL-COMMONS-SILAGE-01,Wikimedia Commons Silage Archive,"File:Silage clamp, Cowarne Court - geograph.org.uk - 455374.jpg",https://upload.wikimedia.org/wikipedia/commons/2/2d/Silage_clamp%2C_Cowarne_Court_-_geograph.org.uk_-_455374.jpg?utm_source=commons.wikimedia.org&utm_campaign=imageinfo&utm_content=original,raw\vision\source_001_silage\Silage_clamp__Cowarne_Court_-_geograph.org.uk_-_455374.jpg,processed\vision\train\NO_MOLD\IMG-REAL-0037.jpg,Whole-Plant Silage / Forage,Chopped Silage / Bunker Face / Bales,NO_MOLD,NO_MOLD,COMMONS_EXPERT_ANNOTATION,REAL_PHOTOGRAPH,REAL,CC BY-SA 2.0,GRP-source_001_silage-08,train,227ab6763cac6329410d160a2c7abe50dcef48716575150afe67842b399807b6
IMG-REAL-0038,DS-REAL-COMMONS-SILAGE-01,Wikimedia Commons Silage Archive,File:Silagem de milho em trincheira.jpg,https://upload.wikimedia.org/wikipedia/commons/b/b0/Silagem_de_milho_em_trincheira.jpg?utm_source=commons.wikimedia.org&utm_campaign=imageinfo&utm_content=original,raw\vision\source_001_silage\Silagem_de_milho_em_trincheira.jpg,processed\vision\train\NO_MOLD\IMG-REAL-0038.jpg,Whole-Plant Silage / Forage,Chopped Silage / Bunker Face / Bales,NO_MOLD,NO_MOLD,COMMONS_EXPERT_ANNOTATION,REAL_PHOTOGRAPH,REAL,CC BY-SA 4.0,GRP-source_001_silage-08,train,50e326e9444778e2cabddc7c982299bc08eb33e2b7d442eca6e9dd3edd6fc8f5
IMG-REAL-0039,DS-REAL-COMMONS-SILAGE-01,Wikimedia Commons Silage Archive,File:Silaging-local DSCN4087 - Flickr - ianpreston.jpg,https://upload.wikimedia.org/wikipedia/commons/3/3e/Silaging-local_DSCN4087_-_Flickr_-_ianpreston.jpg?utm_source=commons.wikimedia.org&utm_campaign=imageinfo&utm_content=original,raw\vision\source_001_silage\Silaging-local_DSCN4087_-_Flickr_-_ianpreston.jpg,processed\vision\train\NO_MOLD\IMG-REAL-0039.jpg,Whole-Plant Silage / Forage,Chopped Silage / Bunker Face / Bales,NO_MOLD,NO_MOLD,COMMONS_EXPERT_ANNOTATION,REAL_PHOTOGRAPH,REAL,CC BY 2.0,GRP-source_001_silage-08,train,1051fe9212339d9b99f93f9747635c9f9e7bcd7cef78353b5778b3dc3a82b034
IMG-REAL-0040,DS-REAL-COMMONS-SILAGE-01,Wikimedia Commons Silage Archive,File:Silo hekseldamine.jpg,https://upload.wikimedia.org/wikipedia/commons/9/96/Silo_hekseldamine.jpg?utm_source=commons.wikimedia.org&utm_campaign=imageinfo&utm_content=original,raw\vision\source_001_silage\Silo_hekseldamine.jpg,processed\vision\train\NO_MOLD\IMG-REAL-0040.jpg,Whole-Plant Silage / Forage,Chopped Silage / Bunker Face / Bales,NO_MOLD,NO_MOLD,COMMONS_EXPERT_ANNOTATION,REAL_PHOTOGRAPH,REAL,CC BY-SA 4.0,GRP-source_001_silage-08,train,1076b67e9da70d7ee4eb734b916568c500c34374f07c823b3d3c20e7974a6728
IMG-REAL-0041,DS-REAL-COMMONS-SILAGE-01,Wikimedia Commons Silage Archive,"File:The ensilage of maize, and other green fodder crops (1879) (14595588039).jpg",https://upload.wikimedia.org/wikipedia/commons/0/00/The_ensilage_of_maize%2C_and_other_green_fodder_crops_%281879%29_%2814595588039%29.jpg?utm_source=commons.wikimedia.org&utm_campaign=imageinfo&utm_content=original,raw\vision\source_001_silage\The_ensilage_of_maize__and_other_green_fodder_crops__1879___14595588039_.jpg,processed\vision\train\NO_MOLD\IMG-REAL-0041.jpg,Whole-Plant Silage / Forage,Chopped Silage / Bunker Face / Bales,NO_MOLD,NO_MOLD,COMMONS_EXPERT_ANNOTATION,REAL_PHOTOGRAPH,REAL,No restrictions,GRP-source_001_silage-09,train,581535d9808d45c77e91ec51a2bbd0df67d1e95490ed73764a722cd7332bb21c
IMG-REAL-0042,DS-REAL-COMMONS-SILAGE-01,Wikimedia Commons Silage Archive,"File:The ensilage of maize, and other green fodder crops (1879) (14779101561).jpg",https://upload.wikimedia.org/wikipedia/commons/3/3f/The_ensilage_of_maize%2C_and_other_green_fodder_crops_%281879%29_%2814779101561%29.jpg?utm_source=commons.wikimedia.org&utm_campaign=imageinfo&utm_content=original,raw\vision\source_001_silage\The_ensilage_of_maize__and_other_green_fodder_crops__1879___14779101561_.jpg,processed\vision\train\NO_MOLD\IMG-REAL-0042.jpg,Whole-Plant Silage / Forage,Chopped Silage / Bunker Face / Bales,NO_MOLD,NO_MOLD,COMMONS_EXPERT_ANNOTATION,REAL_PHOTOGRAPH,REAL,No restrictions,GRP-source_001_silage-09,train,0da84e60e52bb626d876d45d7d49d5aed443c3706c10988da582485ec1c78096
IMG-REAL-0043,DS-REAL-COMMONS-BALES-02,Wikimedia Commons Silage Bales,File:Bales in a field - geograph.org.uk - 4555193.jpg,https://upload.wikimedia.org/wikipedia/commons/6/67/Bales_in_a_field_-_geograph.org.uk_-_4555193.jpg?utm_source=commons.wikimedia.org&utm_campaign=imageinfo&utm_content=original,raw\vision\source_001_silage\Bales_in_a_field_-_geograph.org.uk_-_4555193.jpg,processed\vision\test\NO_MOLD\IMG-REAL-0043.jpg,Grass / Forage Silage Bales,Fermented Baled Forage,NO_MOLD,NO_MOLD,COMMONS_EXPERT_ANNOTATION,REAL_PHOTOGRAPH,REAL,CC BY-SA 2.0,GRP-source_001_silage-01,test,4bfde88c97c9a810cd97d6fc21e045e576962f1f8e0d7bbccceed920d438c940
IMG-REAL-0044,DS-REAL-COMMONS-BALES-02,Wikimedia Commons Silage Bales,File:Bichl - Bauernhof Oberpetterer (Bichl 2) a.JPG,https://upload.wikimedia.org/wikipedia/commons/5/56/Bichl_-_Bauernhof_Oberpetterer_%28Bichl_2%29_a.JPG?utm_source=commons.wikimedia.org&utm_campaign=imageinfo&utm_content=original,raw\vision\source_001_silage\Bichl_-_Bauernhof_Oberpetterer__Bichl_2__a.JPG,processed\vision\test\NO_MOLD\IMG-REAL-0044.jpg,Grass / Forage Silage Bales,Fermented Baled Forage,NO_MOLD,NO_MOLD,COMMONS_EXPERT_ANNOTATION,REAL_PHOTOGRAPH,REAL,CC BY-SA 4.0,GRP-source_001_silage-01,test,7978efec34ed88caabf3eec1f82e559bf8dd2b722ac540eca8aad306077ac90e
IMG-REAL-0045,DS-REAL-COMMONS-BALES-02,Wikimedia Commons Silage Bales,"File:Discarded silage bale, Lund - geograph.org.uk - 2481708.jpg",https://upload.wikimedia.org/wikipedia/commons/9/9f/Discarded_silage_bale%2C_Lund_-_geograph.org.uk_-_2481708.jpg?utm_source=commons.wikimedia.org&utm_campaign=imageinfo&utm_content=original,raw\vision\source_001_silage\Discarded_silage_bale__Lund_-_geograph.org.uk_-_2481708.jpg,processed\vision\test\NO_MOLD\IMG-REAL-0045.jpg,Grass / Forage Silage Bales,Fermented Baled Forage,NO_MOLD,NO_MOLD,COMMONS_EXPERT_ANNOTATION,REAL_PHOTOGRAPH,REAL,CC BY-SA 2.0,GRP-source_001_silage-01,test,f52f95ea61fa35e16882afb974463cd900f8674d0c8366d9fe9b576725c4f202
IMG-REAL-0046,DS-REAL-COMMONS-BALES-02,Wikimedia Commons Silage Bales,File:Grass field and silage bales - geograph.org.uk - 7278793.jpg,https://upload.wikimedia.org/wikipedia/commons/e/e1/Grass_field_and_silage_bales_-_geograph.org.uk_-_7278793.jpg?utm_source=commons.wikimedia.org&utm_campaign=imageinfo&utm_content=original,raw\vision\source_001_silage\Grass_field_and_silage_bales_-_geograph.org.uk_-_7278793.jpg,processed\vision\test\NO_MOLD\IMG-REAL-0046.jpg,Grass / Forage Silage Bales,Fermented Baled Forage,NO_MOLD,NO_MOLD,COMMONS_EXPERT_ANNOTATION,REAL_PHOTOGRAPH,REAL,CC BY-SA 2.0,GRP-source_001_silage-01,test,3448853f1529ffaa97736b387a867d7d0f16f29b4a39b43aa87f7ddf3b424e66
IMG-REAL-0047,DS-REAL-COMMONS-BALES-02,Wikimedia Commons Silage Bales,File:Hazlebadge Farmhouse 01.jpg,https://upload.wikimedia.org/wikipedia/commons/3/38/Hazlebadge_Farmhouse_01.jpg?utm_source=commons.wikimedia.org&utm_campaign=imageinfo&utm_content=original,raw\vision\source_001_silage\Hazlebadge_Farmhouse_01.jpg,processed\vision\test\NO_MOLD\IMG-REAL-0047.jpg,Grass / Forage Silage Bales,Fermented Baled Forage,NO_MOLD,NO_MOLD,COMMONS_EXPERT_ANNOTATION,REAL_PHOTOGRAPH,REAL,CC BY-SA 4.0,GRP-source_001_silage-01,test,26f72500f027ba8f20103579854721a2f8e34aac9f9d977ca193bbc181f9432d
IMG-REAL-0048,DS-REAL-COMMONS-BALES-02,Wikimedia Commons Silage Bales,File:Pile of silage bales at Swartmill Farm - geograph.org.uk - 6313596.jpg,https://upload.wikimedia.org/wikipedia/commons/4/40/Pile_of_silage_bales_at_Swartmill_Farm_-_geograph.org.uk_-_6313596.jpg?utm_source=commons.wikimedia.org&utm_campaign=imageinfo&utm_content=original,raw\vision\source_001_silage\Pile_of_silage_bales_at_Swartmill_Farm_-_geograph.org.uk_-_6313596.jpg,processed\vision\test\NO_MOLD\IMG-REAL-0048.jpg,Grass / Forage Silage Bales,Fermented Baled Forage,NO_MOLD,NO_MOLD,COMMONS_EXPERT_ANNOTATION,REAL_PHOTOGRAPH,REAL,CC BY-SA 2.0,GRP-source_001_silage-02,test,a6ee107a6b2a0141672a6a1412e974eeafca1da6b130282a7c1fdbcaefc10b80
IMG-REAL-0049,DS-REAL-COMMONS-BALES-02,Wikimedia Commons Silage Bales,"File:Pott Lords Farmhouse, Higher Sutton.jpg",https://upload.wikimedia.org/wikipedia/commons/4/4f/Pott_Lords_Farmhouse%2C_Higher_Sutton.jpg?utm_source=commons.wikimedia.org&utm_campaign=imageinfo&utm_content=original,raw\vision\source_001_silage\Pott_Lords_Farmhouse__Higher_Sutton.jpg,processed\vision\test\NO_MOLD\IMG-REAL-0049.jpg,Grass / Forage Silage Bales,Fermented Baled Forage,NO_MOLD,NO_MOLD,COMMONS_EXPERT_ANNOTATION,REAL_PHOTOGRAPH,REAL,CC BY-SA 4.0,GRP-source_001_silage-02,test,3652e86be9fc3af84e0053adfdfbe3cbc48c220b67134159218c4f23c5c4c651
IMG-REAL-0050,DS-REAL-COMMONS-BALES-02,Wikimedia Commons Silage Bales,File:Silage bales in the Vale of Rheidol - geograph.org.uk - 4552059.jpg,https://upload.wikimedia.org/wikipedia/commons/8/81/Silage_bales_in_the_Vale_of_Rheidol_-_geograph.org.uk_-_4552059.jpg?utm_source=commons.wikimedia.org&utm_campaign=imageinfo&utm_content=original,raw\vision\source_001_silage\Silage_bales_in_the_Vale_of_Rheidol_-_geograph.org.uk_-_4552059.jpg,processed\vision\test\NO_MOLD\IMG-REAL-0050.jpg,Grass / Forage Silage Bales,Fermented Baled Forage,NO_MOLD,NO_MOLD,COMMONS_EXPERT_ANNOTATION,REAL_PHOTOGRAPH,REAL,CC BY-SA 2.0,GRP-source_001_silage-02,test,611377e0d3a663c86fc820cb7987f7abef501bed21739d39ac5972e5e809284a
IMG-REAL-0051,DS-REAL-COMMONS-BALES-02,Wikimedia Commons Silage Bales,"File:Silage bales seen from the track from Binn Lane to Hill Top (COL-221-60), Marsden - geograph.org.uk - 8379000.jpg",https://upload.wikimedia.org/wikipedia/commons/4/49/Silage_bales_seen_from_the_track_from_Binn_Lane_to_Hill_Top_%28COL-221-60%29%2C_Marsden_-_geograph.org.uk_-_8379000.jpg?utm_source=commons.wikimedia.org&utm_campaign=imageinfo&utm_content=original,raw\vision\source_001_silage\Silage_bales_seen_from_the_track_from_Binn_Lane_to_Hill_Top__COL-221-60___Marsden_-_geograph.org.uk_-_8379000.jpg,processed\vision\test\NO_MOLD\IMG-REAL-0051.jpg,Grass / Forage Silage Bales,Fermented Baled Forage,NO_MOLD,NO_MOLD,COMMONS_EXPERT_ANNOTATION,REAL_PHOTOGRAPH,REAL,CC BY-SA 2.0,GRP-source_001_silage-02,test,4ebff6ee145d55fec47fd0382099f6746ce97e83874638dca5008afce8634dd1
IMG-REAL-0052,DS-REAL-COMMONS-MOLD-03,Wikimedia Commons Organic Mold Colonies,File:A Moldy Loaf of Bread.jpg,https://upload.wikimedia.org/wikipedia/commons/4/45/A_Moldy_Loaf_of_Bread.jpg?utm_source=commons.wikimedia.org&utm_campaign=imageinfo&utm_content=original,raw\vision\source_002_mold\A_Moldy_Loaf_of_Bread.jpg,processed\vision\train\VISIBLE_MOLD\IMG-REAL-0052.jpg,Grain / Organic Substrate,Surface Fungal Mold Mycelium,VISIBLE_MOLD,VISIBLE_MOLD,COMMONS_EXPERT_ANNOTATION,REAL_PHOTOGRAPH,REAL,CC0,GRP-source_002_mold-01,train,ce248d6710b5650ea2176da4a80af2a35f1cef408b087326f50e655a32cea288
IMG-REAL-0053,DS-REAL-COMMONS-MOLD-03,Wikimedia Commons Organic Mold Colonies,File:Aspergillus niger along with its reproductive structures.jpg,https://upload.wikimedia.org/wikipedia/commons/5/50/Aspergillus_niger_along_with_its_reproductive_structures.jpg?utm_source=commons.wikimedia.org&utm_campaign=imageinfo&utm_content=original,raw\vision\source_002_mold\Aspergillus_niger_along_with_its_reproductive_structures.jpg,processed\vision\train\VISIBLE_MOLD\IMG-REAL-0053.jpg,Grain / Organic Substrate,Surface Fungal Mold Mycelium,VISIBLE_MOLD,VISIBLE_MOLD,COMMONS_EXPERT_ANNOTATION,REAL_PHOTOGRAPH,REAL,CC BY 4.0,GRP-source_002_mold-01,train,2dad9a6771f45dd88c085f67d17ab201512d2870c9b2b38094b2678a605057d5
IMG-REAL-0054,DS-REAL-COMMONS-MOLD-03,Wikimedia Commons Organic Mold Colonies,File:Bread Mold (NIH BioArt 705 - 788829).png,https://upload.wikimedia.org/wikipedia/commons/8/83/Bread_Mold_%28NIH_BioArt_705_-_788829%29.png?utm_source=commons.wikimedia.org&utm_campaign=imageinfo&utm_content=original,raw\vision\source_002_mold\Bread_Mold__NIH_BioArt_705_-_788829_.png,processed\vision\train\VISIBLE_MOLD\IMG-REAL-0054.jpg,Grain / Organic Substrate,Surface Fungal Mold Mycelium,VISIBLE_MOLD,VISIBLE_MOLD,COMMONS_EXPERT_ANNOTATION,REAL_PHOTOGRAPH,REAL,Public domain,GRP-source_002_mold-01,train,2af9768257dba68815a19a245e06af16b789f7ec806688977a0969c2dc42660e
IMG-REAL-0055,DS-REAL-COMMONS-MOLD-03,Wikimedia Commons Organic Mold Colonies,File:Bread Mold (NIH BioArt 705 - 788834).png,https://upload.wikimedia.org/wikipedia/commons/a/a5/Bread_Mold_%28NIH_BioArt_705_-_788834%29.png?utm_source=commons.wikimedia.org&utm_campaign=imageinfo&utm_content=original,raw\vision\source_002_mold\Bread_Mold__NIH_BioArt_705_-_788834_.png,processed\vision\train\VISIBLE_MOLD\IMG-REAL-0055.jpg,Grain / Organic Substrate,Surface Fungal Mold Mycelium,VISIBLE_MOLD,VISIBLE_MOLD,COMMONS_EXPERT_ANNOTATION,REAL_PHOTOGRAPH,REAL,Public domain,GRP-source_002_mold-01,train,7ebc38e204bffbef0dff8cde486ff48e5ef8a985ecdb93e05414d7df2602a36e
IMG-REAL-0056,DS-REAL-COMMONS-MOLD-03,Wikimedia Commons Organic Mold Colonies,File:Bread Mold (NIH BioArt 705 - 788838).png,https://upload.wikimedia.org/wikipedia/commons/b/b3/Bread_Mold_%28NIH_BioArt_705_-_788838%29.png?utm_source=commons.wikimedia.org&utm_campaign=imageinfo&utm_content=original,raw\vision\source_002_mold\Bread_Mold__NIH_BioArt_705_-_788838_.png,processed\vision\train\VISIBLE_MOLD\IMG-REAL-0056.jpg,Grain / Organic Substrate,Surface Fungal Mold Mycelium,VISIBLE_MOLD,VISIBLE_MOLD,COMMONS_EXPERT_ANNOTATION,REAL_PHOTOGRAPH,REAL,Public domain,GRP-source_002_mold-01,train,207fcd435f7191848e6975e3cb8a96a828ed8e5cdaf0efdc74b35836d5829cb2
IMG-REAL-0057,DS-REAL-COMMONS-MOLD-03,Wikimedia Commons Organic Mold Colonies,File:Bread Mold (NIH BioArt 705 - 788850).png,https://upload.wikimedia.org/wikipedia/commons/d/d6/Bread_Mold_%28NIH_BioArt_705_-_788850%29.png?utm_source=commons.wikimedia.org&utm_campaign=imageinfo&utm_content=original,raw\vision\source_002_mold\Bread_Mold__NIH_BioArt_705_-_788850_.png,processed\vision\test\VISIBLE_MOLD\IMG-REAL-0057.jpg,Grain / Organic Substrate,Surface Fungal Mold Mycelium,VISIBLE_MOLD,VISIBLE_MOLD,COMMONS_EXPERT_ANNOTATION,REAL_PHOTOGRAPH,REAL,Public domain,GRP-source_002_mold-02,test,b195a0d3cc0e67c2131d2df629087f2b403a39529399a5b744058b57f1cbe25a
IMG-REAL-0058,DS-REAL-COMMONS-MOLD-03,Wikimedia Commons Organic Mold Colonies,File:Bread Mold (NIH BioArt 705 - 788854).png,https://upload.wikimedia.org/wikipedia/commons/4/49/Bread_Mold_%28NIH_BioArt_705_-_788854%29.png?utm_source=commons.wikimedia.org&utm_campaign=imageinfo&utm_content=original,raw\vision\source_002_mold\Bread_Mold__NIH_BioArt_705_-_788854_.png,processed\vision\test\VISIBLE_MOLD\IMG-REAL-0058.jpg,Grain / Organic Substrate,Surface Fungal Mold Mycelium,VISIBLE_MOLD,VISIBLE_MOLD,COMMONS_EXPERT_ANNOTATION,REAL_PHOTOGRAPH,REAL,Public domain,GRP-source_002_mold-02,test,5db010c832262052cd2241dbb3ef7ccda0d17091f15ce271390b15720c58779d
IMG-REAL-0059,DS-REAL-COMMONS-MOLD-03,Wikimedia Commons Organic Mold Colonies,File:Bread Mold (NIH BioArt 705 - 788858).png,https://upload.wikimedia.org/wikipedia/commons/8/81/Bread_Mold_%28NIH_BioArt_705_-_788858%29.png?utm_source=commons.wikimedia.org&utm_campaign=imageinfo&utm_content=original,raw\vision\source_002_mold\Bread_Mold__NIH_BioArt_705_-_788858_.png,processed\vision\test\VISIBLE_MOLD\IMG-REAL-0059.jpg,Grain / Organic Substrate,Surface Fungal Mold Mycelium,VISIBLE_MOLD,VISIBLE_MOLD,COMMONS_EXPERT_ANNOTATION,REAL_PHOTOGRAPH,REAL,Public domain,GRP-source_002_mold-02,test,f28f5e84891a205b46a5241ec9fb8e835dddd23bfe326c7a58c708745619b6ca
IMG-REAL-0060,DS-REAL-COMMONS-MOLD-03,Wikimedia Commons Organic Mold Colonies,File:Bread Mold (NIH BioArt 705 - 788862).png,https://upload.wikimedia.org/wikipedia/commons/1/16/Bread_Mold_%28NIH_BioArt_705_-_788862%29.png?utm_source=commons.wikimedia.org&utm_campaign=imageinfo&utm_content=original,raw\vision\source_002_mold\Bread_Mold__NIH_BioArt_705_-_788862_.png,processed\vision\test\VISIBLE_MOLD\IMG-REAL-0060.jpg,Grain / Organic Substrate,Surface Fungal Mold Mycelium,VISIBLE_MOLD,VISIBLE_MOLD,COMMONS_EXPERT_ANNOTATION,REAL_PHOTOGRAPH,REAL,Public domain,GRP-source_002_mold-02,test,6c47c278583d9eccec905414a7ac4561fdf2814db158d707137a02e7fad67e9a
IMG-REAL-0061,DS-REAL-COMMONS-MOLD-03,Wikimedia Commons Organic Mold Colonies,File:Bread Mold (NIH BioArt 705 - 788866).png,https://upload.wikimedia.org/wikipedia/commons/7/7b/Bread_Mold_%28NIH_BioArt_705_-_788866%29.png?utm_source=commons.wikimedia.org&utm_campaign=imageinfo&utm_content=original,raw\vision\source_002_mold\Bread_Mold__NIH_BioArt_705_-_788866_.png,processed\vision\test\VISIBLE_MOLD\IMG-REAL-0061.jpg,Grain / Organic Substrate,Surface Fungal Mold Mycelium,VISIBLE_MOLD,VISIBLE_MOLD,COMMONS_EXPERT_ANNOTATION,REAL_PHOTOGRAPH,REAL,Public domain,GRP-source_002_mold-02,test,3577b398f70a7c8958d438de1cca87c02dd6feb84f619038ea248243d9cde9a6
IMG-REAL-0062,DS-REAL-COMMONS-MOLD-03,Wikimedia Commons Organic Mold Colonies,File:Bread mould.jpg,https://upload.wikimedia.org/wikipedia/commons/5/57/Bread_mould.jpg?utm_source=commons.wikimedia.org&utm_campaign=imageinfo&utm_content=original,raw\vision\source_002_mold\Bread_mould.jpg,processed\vision\val\VISIBLE_MOLD\IMG-REAL-0062.jpg,Grain / Organic Substrate,Surface Fungal Mold Mycelium,VISIBLE_MOLD,VISIBLE_MOLD,COMMONS_EXPERT_ANNOTATION,REAL_PHOTOGRAPH,REAL,CC BY 4.0,GRP-source_002_mold-03,val,7e3ab4d19aaade79e01692d74507a030e51ddddeb008cf16b12714963931a033
IMG-REAL-0063,DS-REAL-COMMONS-MOLD-03,Wikimedia Commons Organic Mold Colonies,File:Brot-Schimmel.JPG,https://upload.wikimedia.org/wikipedia/commons/a/a2/Brot-Schimmel.JPG?utm_source=commons.wikimedia.org&utm_campaign=imageinfo&utm_content=original,raw\vision\source_002_mold\Brot-Schimmel.JPG,processed\vision\val\VISIBLE_MOLD\IMG-REAL-0063.jpg,Grain / Organic Substrate,Surface Fungal Mold Mycelium,VISIBLE_MOLD,VISIBLE_MOLD,COMMONS_EXPERT_ANNOTATION,REAL_PHOTOGRAPH,REAL,Public domain,GRP-source_002_mold-03,val,b49051e032a22487acfe2b066eec4811609c91912b08f3213ba815fbe9769b05
IMG-REAL-0064,DS-REAL-COMMONS-MOLD-03,Wikimedia Commons Organic Mold Colonies,File:Die Frau als Hausärztin (1911) 040 Schimmliges Brot.png,https://upload.wikimedia.org/wikipedia/commons/c/c4/Die_Frau_als_Haus%C3%A4rztin_%281911%29_040_Schimmliges_Brot.png?utm_source=commons.wikimedia.org&utm_campaign=imageinfo&utm_content=original,raw\vision\source_002_mold\Die_Frau_als_Hausärztin__1911__040_Schimmliges_Brot.png,processed\vision\val\VISIBLE_MOLD\IMG-REAL-0064.jpg,Grain / Organic Substrate,Surface Fungal Mold Mycelium,VISIBLE_MOLD,VISIBLE_MOLD,COMMONS_EXPERT_ANNOTATION,REAL_PHOTOGRAPH,REAL,Public domain,GRP-source_002_mold-03,val,f4516bd652f6cb54a2a21c128288be632f66d346a27abb05b74a3034869f4a17
IMG-REAL-0065,DS-REAL-COMMONS-MOLD-03,Wikimedia Commons Organic Mold Colonies,File:Diverses moisissures sur un vieux gâteau.jpg,https://upload.wikimedia.org/wikipedia/commons/6/63/Diverses_moisissures_sur_un_vieux_g%C3%A2teau.jpg?utm_source=commons.wikimedia.org&utm_campaign=imageinfo&utm_content=original,raw\vision\source_002_mold\Diverses_moisissures_sur_un_vieux_gâteau.jpg,processed\vision\val\VISIBLE_MOLD\IMG-REAL-0065.jpg,Grain / Organic Substrate,Surface Fungal Mold Mycelium,VISIBLE_MOLD,VISIBLE_MOLD,COMMONS_EXPERT_ANNOTATION,REAL_PHOTOGRAPH,REAL,CC0,GRP-source_002_mold-03,val,d934a72c95dc7b3e424363c540a5bbc84b411f5daaaeb895dde3a7bb76218234
IMG-REAL-0066,DS-REAL-COMMONS-MOLD-03,Wikimedia Commons Organic Mold Colonies,File:Dornbirn-Bread mold-02ASD.jpg,https://upload.wikimedia.org/wikipedia/commons/6/63/Dornbirn-Bread_mold-02ASD.jpg?utm_source=commons.wikimedia.org&utm_campaign=imageinfo&utm_content=original,raw\vision\source_002_mold\Dornbirn-Bread_mold-02ASD.jpg,processed\vision\val\VISIBLE_MOLD\IMG-REAL-0066.jpg,Grain / Organic Substrate,Surface Fungal Mold Mycelium,VISIBLE_MOLD,VISIBLE_MOLD,COMMONS_EXPERT_ANNOTATION,REAL_PHOTOGRAPH,REAL,CC BY-SA 4.0,GRP-source_002_mold-03,val,29b3ef175631e3a75995ad4b157deb9842d93fff95061bb7f044a2423e1c6a31
IMG-REAL-0067,DS-REAL-COMMONS-MOLD-03,Wikimedia Commons Organic Mold Colonies,File:Dornbirn-Bread mold-03ASD.jpg,https://upload.wikimedia.org/wikipedia/commons/3/34/Dornbirn-Bread_mold-03ASD.jpg?utm_source=commons.wikimedia.org&utm_campaign=imageinfo&utm_content=original,raw\vision\source_002_mold\Dornbirn-Bread_mold-03ASD.jpg,processed\vision\train\VISIBLE_MOLD\IMG-REAL-0067.jpg,Grain / Organic Substrate,Surface Fungal Mold Mycelium,VISIBLE_MOLD,VISIBLE_MOLD,COMMONS_EXPERT_ANNOTATION,REAL_PHOTOGRAPH,REAL,CC BY-SA 4.0,GRP-source_002_mold-04,train,a44092b94c97973220fb6fb84d0eca808b572959d5a42a2623e3cc6357979774
IMG-REAL-0068,DS-REAL-COMMONS-MOLD-03,Wikimedia Commons Organic Mold Colonies,File:Dornbirn-Bread mold-04ASD.jpg,https://upload.wikimedia.org/wikipedia/commons/9/9f/Dornbirn-Bread_mold-04ASD.jpg?utm_source=commons.wikimedia.org&utm_campaign=imageinfo&utm_content=original,raw\vision\source_002_mold\Dornbirn-Bread_mold-04ASD.jpg,processed\vision\train\VISIBLE_MOLD\IMG-REAL-0068.jpg,Grain / Organic Substrate,Surface Fungal Mold Mycelium,VISIBLE_MOLD,VISIBLE_MOLD,COMMONS_EXPERT_ANNOTATION,REAL_PHOTOGRAPH,REAL,CC BY-SA 4.0,GRP-source_002_mold-04,train,4c65a600b898e8381589a1c2fc6116ee9be50c5f642adfb20d2a7f6e01306ac8
IMG-REAL-0069,DS-REAL-COMMONS-MOLD-03,Wikimedia Commons Organic Mold Colonies,File:Dornbirn-Bread mold-05ASD.jpg,https://upload.wikimedia.org/wikipedia/commons/9/9d/Dornbirn-Bread_mold-05ASD.jpg?utm_source=commons.wikimedia.org&utm_campaign=imageinfo&utm_content=original,raw\vision\source_002_mold\Dornbirn-Bread_mold-05ASD.jpg,processed\vision\train\VISIBLE_MOLD\IMG-REAL-0069.jpg,Grain / Organic Substrate,Surface Fungal Mold Mycelium,VISIBLE_MOLD,VISIBLE_MOLD,COMMONS_EXPERT_ANNOTATION,REAL_PHOTOGRAPH,REAL,CC BY-SA 4.0,GRP-source_002_mold-04,train,185d0dfbd1c85d2e9237f1a3a8c47795cd0e30e9c7a793d3bb34dd0680651744
IMG-REAL-0070,DS-REAL-COMMONS-MOLD-03,Wikimedia Commons Organic Mold Colonies,File:Dornbirn-Bread mold-06ASD.jpg,https://upload.wikimedia.org/wikipedia/commons/9/9a/Dornbirn-Bread_mold-06ASD.jpg?utm_source=commons.wikimedia.org&utm_campaign=imageinfo&utm_content=original,raw\vision\source_002_mold\Dornbirn-Bread_mold-06ASD.jpg,processed\vision\train\VISIBLE_MOLD\IMG-REAL-0070.jpg,Grain / Organic Substrate,Surface Fungal Mold Mycelium,VISIBLE_MOLD,VISIBLE_MOLD,COMMONS_EXPERT_ANNOTATION,REAL_PHOTOGRAPH,REAL,CC BY-SA 4.0,GRP-source_002_mold-04,train,6e433588b625bc7849453b20ca37bcfd140492dcd2fbf8feb8a5f93406592903
IMG-REAL-0071,DS-REAL-COMMONS-MOLD-03,Wikimedia Commons Organic Mold Colonies,File:Dornbirn-Bread mold-07ASD.jpg,https://upload.wikimedia.org/wikipedia/commons/c/c6/Dornbirn-Bread_mold-07ASD.jpg?utm_source=commons.wikimedia.org&utm_campaign=imageinfo&utm_content=original,raw\vision\source_002_mold\Dornbirn-Bread_mold-07ASD.jpg,processed\vision\train\VISIBLE_MOLD\IMG-REAL-0071.jpg,Grain / Organic Substrate,Surface Fungal Mold Mycelium,VISIBLE_MOLD,VISIBLE_MOLD,COMMONS_EXPERT_ANNOTATION,REAL_PHOTOGRAPH,REAL,CC BY-SA 4.0,GRP-source_002_mold-04,train,a170a358465bad0e9147fc5763073753426f618121e5910d391ad06b97c1ac03
IMG-REAL-0072,DS-REAL-COMMONS-ASPERGILLUS-04,Wikimedia Commons Aspergillus Fungi,File:Annali di botanica (1908) (14783756173).jpg,https://upload.wikimedia.org/wikipedia/commons/9/9f/Annali_di_botanica_%281908%29_%2814783756173%29.jpg?utm_source=commons.wikimedia.org&utm_campaign=imageinfo&utm_content=original,raw\vision\source_002_mold\Annali_di_botanica__1908___14783756173_.jpg,processed\vision\train\VISIBLE_MOLD\IMG-REAL-0072.jpg,Agricultural Feed / Mycological Substrate,Aspergillus Mycelium Colonies,VISIBLE_MOLD,VISIBLE_MOLD,COMMONS_EXPERT_ANNOTATION,REAL_PHOTOGRAPH,REAL,No restrictions,GRP-source_002_mold-01,train,de60427cb313d0e713bad738210b2e2302a94f48254f982ec20ca8fdfd48f1d9
IMG-REAL-0073,DS-REAL-COMMONS-ASPERGILLUS-04,Wikimedia Commons Aspergillus Fungi,File:Aspegillus brasiliensis.jpg,https://upload.wikimedia.org/wikipedia/commons/d/d8/Aspegillus_brasiliensis.jpg?utm_source=commons.wikimedia.org&utm_campaign=imageinfo&utm_content=original,raw\vision\source_002_mold\Aspegillus_brasiliensis.jpg,processed\vision\train\VISIBLE_MOLD\IMG-REAL-0073.jpg,Agricultural Feed / Mycological Substrate,Aspergillus Mycelium Colonies,VISIBLE_MOLD,VISIBLE_MOLD,COMMONS_EXPERT_ANNOTATION,REAL_PHOTOGRAPH,REAL,CC BY-SA 4.0,GRP-source_002_mold-01,train,2bbba5062ee637822c1bfa9490438bf63bb049ef047669059691b989e0f78a5e
IMG-REAL-0074,DS-REAL-COMMONS-ASPERGILLUS-04,Wikimedia Commons Aspergillus Fungi,File:Aspergillus 34156175.jpg,https://upload.wikimedia.org/wikipedia/commons/c/cd/Aspergillus_34156175.jpg?utm_source=commons.wikimedia.org&utm_campaign=imageinfo&utm_content=original,raw\vision\source_002_mold\Aspergillus_34156175.jpg,processed\vision\train\VISIBLE_MOLD\IMG-REAL-0074.jpg,Agricultural Feed / Mycological Substrate,Aspergillus Mycelium Colonies,VISIBLE_MOLD,VISIBLE_MOLD,COMMONS_EXPERT_ANNOTATION,REAL_PHOTOGRAPH,REAL,CC BY 4.0,GRP-source_002_mold-01,train,c77ec527e2c65e6561df8d02c1c5639ab9a070fbccaa91e3429a203af91eeeb4
IMG-REAL-0075,DS-REAL-COMMONS-ASPERGILLUS-04,Wikimedia Commons Aspergillus Fungi,File:Aspergillus colony under the microscope.jpg,https://upload.wikimedia.org/wikipedia/commons/d/d1/Aspergillus_colony_under_the_microscope.jpg?utm_source=commons.wikimedia.org&utm_campaign=imageinfo&utm_content=original,raw\vision\source_002_mold\Aspergillus_colony_under_the_microscope.jpg,processed\vision\train\VISIBLE_MOLD\IMG-REAL-0075.jpg,Agricultural Feed / Mycological Substrate,Aspergillus Mycelium Colonies,VISIBLE_MOLD,VISIBLE_MOLD,COMMONS_EXPERT_ANNOTATION,REAL_PHOTOGRAPH,REAL,CC BY 4.0,GRP-source_002_mold-01,train,9a022e021e1dbe52ee03183e94524c0d020a3b27ef39ef3ed9eaa95006759fc7
IMG-REAL-0076,DS-REAL-COMMONS-ASPERGILLUS-04,Wikimedia Commons Aspergillus Fungi,File:Aspergillus fumigatus 20200217 142127.jpg,https://upload.wikimedia.org/wikipedia/commons/7/79/Aspergillus_fumigatus_20200217_142127.jpg?utm_source=commons.wikimedia.org&utm_campaign=imageinfo&utm_content=original,raw\vision\source_002_mold\Aspergillus_fumigatus_20200217_142127.jpg,processed\vision\train\VISIBLE_MOLD\IMG-REAL-0076.jpg,Agricultural Feed / Mycological Substrate,Aspergillus Mycelium Colonies,VISIBLE_MOLD,VISIBLE_MOLD,COMMONS_EXPERT_ANNOTATION,REAL_PHOTOGRAPH,REAL,CC BY 4.0,GRP-source_002_mold-01,train,1cd6b91f44ba049780fa70fdb9b7c1c304d45e2af827ca4434199f9dbc8c0d72
IMG-REAL-0077,DS-REAL-COMMONS-ASPERGILLUS-04,Wikimedia Commons Aspergillus Fungi,File:Aspergillus fumigatus colony morphology on Sabouraud dextrose agar (SDA).jpg,https://upload.wikimedia.org/wikipedia/commons/6/66/Aspergillus_fumigatus_colony_morphology_on_Sabouraud_dextrose_agar_%28SDA%29.jpg?utm_source=commons.wikimedia.org&utm_campaign=imageinfo&utm_content=original,raw\vision\source_002_mold\Aspergillus_fumigatus_colony_morphology_on_Sabouraud_dextrose_agar__SDA_.jpg,processed\vision\test\VISIBLE_MOLD\IMG-REAL-0077.jpg,Agricultural Feed / Mycological Substrate,Aspergillus Mycelium Colonies,VISIBLE_MOLD,VISIBLE_MOLD,COMMONS_EXPERT_ANNOTATION,REAL_PHOTOGRAPH,REAL,CC0,GRP-source_002_mold-02,test,016188fcdd52b8c9999052dcf3984e0bf60f006be7ec321e5bdf65a82a06031c
IMG-REAL-0078,DS-REAL-COMMONS-ASPERGILLUS-04,Wikimedia Commons Aspergillus Fungi,File:Aspergillus fumigatus Growth on Sabouraud Dextrose Agar.jpg,https://upload.wikimedia.org/wikipedia/commons/d/da/Aspergillus_fumigatus_Growth_on_Sabouraud_Dextrose_Agar.jpg?utm_source=commons.wikimedia.org&utm_campaign=imageinfo&utm_content=original,raw\vision\source_002_mold\Aspergillus_fumigatus_Growth_on_Sabouraud_Dextrose_Agar.jpg,processed\vision\test\VISIBLE_MOLD\IMG-REAL-0078.jpg,Agricultural Feed / Mycological Substrate,Aspergillus Mycelium Colonies,VISIBLE_MOLD,VISIBLE_MOLD,COMMONS_EXPERT_ANNOTATION,REAL_PHOTOGRAPH,REAL,CC BY 4.0,GRP-source_002_mold-02,test,85a8568f7fe6a5ceb6ba021e21d5bcd67d01d3569a0663fbb187ba78a1153296
IMG-REAL-0079,DS-REAL-COMMONS-ASPERGILLUS-04,Wikimedia Commons Aspergillus Fungi,File:Aspergillus hyphae in LPCB tease mount of culture microscopy.jpg,https://upload.wikimedia.org/wikipedia/commons/8/8f/Aspergillus_hyphae_in_LPCB_tease_mount_of_culture_microscopy.jpg?utm_source=commons.wikimedia.org&utm_campaign=imageinfo&utm_content=original,raw\vision\source_002_mold\Aspergillus_hyphae_in_LPCB_tease_mount_of_culture_microscopy.jpg,processed\vision\test\VISIBLE_MOLD\IMG-REAL-0079.jpg,Agricultural Feed / Mycological Substrate,Aspergillus Mycelium Colonies,VISIBLE_MOLD,VISIBLE_MOLD,COMMONS_EXPERT_ANNOTATION,REAL_PHOTOGRAPH,REAL,CC BY-SA 4.0,GRP-source_002_mold-02,test,69ca612ab2f9f4198481e697b4fac50ed88e64ea162c5ac429c53fe2ae8b33cc
IMG-REAL-0080,DS-REAL-COMMONS-ASPERGILLUS-04,Wikimedia Commons Aspergillus Fungi,File:Aspergillus illustr.png,https://upload.wikimedia.org/wikipedia/commons/9/98/Aspergillus_illustr.png?utm_source=commons.wikimedia.org&utm_campaign=imageinfo&utm_content=original,raw\vision\source_002_mold\Aspergillus_illustr.png,processed\vision\test\VISIBLE_MOLD\IMG-REAL-0080.jpg,Agricultural Feed / Mycological Substrate,Aspergillus Mycelium Colonies,VISIBLE_MOLD,VISIBLE_MOLD,COMMONS_EXPERT_ANNOTATION,REAL_PHOTOGRAPH,REAL,CC BY-SA 4.0,GRP-source_002_mold-02,test,3a95eb9ae0e81edf08e265c1fa6c65b561de899d82cfa7b68134f02d7e0de6c2
IMG-REAL-0081,DS-REAL-COMMONS-ASPERGILLUS-04,Wikimedia Commons Aspergillus Fungi,File:Aspergillus mold growing a tomato.jpg,https://upload.wikimedia.org/wikipedia/commons/2/24/Aspergillus_mold_growing_a_tomato.jpg?utm_source=commons.wikimedia.org&utm_campaign=imageinfo&utm_content=original,raw\vision\source_002_mold\Aspergillus_mold_growing_a_tomato.jpg,processed\vision\test\VISIBLE_MOLD\IMG-REAL-0081.jpg,Agricultural Feed / Mycological Substrate,Aspergillus Mycelium Colonies,VISIBLE_MOLD,VISIBLE_MOLD,COMMONS_EXPERT_ANNOTATION,REAL_PHOTOGRAPH,REAL,CC BY 4.0,GRP-source_002_mold-02,test,d19fc956b988449fb41b0c916580f1568d9d45077191a6f9c11e6bab96322b66
IMG-REAL-0082,DS-REAL-COMMONS-ASPERGILLUS-04,Wikimedia Commons Aspergillus Fungi,File:Aspergillus niger growth on RCM.jpg,https://upload.wikimedia.org/wikipedia/commons/a/aa/Aspergillus_niger_growth_on_RCM.jpg?utm_source=commons.wikimedia.org&utm_campaign=imageinfo&utm_content=original,raw\vision\source_002_mold\Aspergillus_niger_growth_on_RCM.jpg,processed\vision\val\VISIBLE_MOLD\IMG-REAL-0082.jpg,Agricultural Feed / Mycological Substrate,Aspergillus Mycelium Colonies,VISIBLE_MOLD,VISIBLE_MOLD,COMMONS_EXPERT_ANNOTATION,REAL_PHOTOGRAPH,REAL,CC BY-SA 4.0,GRP-source_002_mold-03,val,00838b1b481b035213dca4cd87b9e9415bd431df78e7bf8faa78b249afefe03e
IMG-REAL-0083,DS-REAL-COMMONS-ASPERGILLUS-04,Wikimedia Commons Aspergillus Fungi,"File:Aspergillus ochraceus, 432 76 Tvååker, Sweden iNaturalist.jpg",https://upload.wikimedia.org/wikipedia/commons/c/cc/Aspergillus_ochraceus%2C_432_76_Tv%C3%A5%C3%A5ker%2C_Sweden_iNaturalist.jpg?utm_source=commons.wikimedia.org&utm_campaign=imageinfo&utm_content=original,raw\vision\source_002_mold\Aspergillus_ochraceus__432_76_Tvååker__Sweden_iNaturalist.jpg,processed\vision\val\VISIBLE_MOLD\IMG-REAL-0083.jpg,Agricultural Feed / Mycological Substrate,Aspergillus Mycelium Colonies,VISIBLE_MOLD,VISIBLE_MOLD,COMMONS_EXPERT_ANNOTATION,REAL_PHOTOGRAPH,REAL,CC BY 4.0,GRP-source_002_mold-03,val,c7bbf152c748a5796e134e3ca59ffeb3f679fd4c084bf78759b80d004568efa5
IMG-REAL-0084,DS-REAL-COMMONS-ASPERGILLUS-04,Wikimedia Commons Aspergillus Fungi,File:Aspergillus spp. ( The wicked broom ).jpg,https://upload.wikimedia.org/wikipedia/commons/3/3b/Aspergillus_spp._%28_The_wicked_broom_%29.jpg?utm_source=commons.wikimedia.org&utm_campaign=imageinfo&utm_content=original,raw\vision\source_002_mold\Aspergillus_spp.___The_wicked_broom__.jpg,processed\vision\val\VISIBLE_MOLD\IMG-REAL-0084.jpg,Agricultural Feed / Mycological Substrate,Aspergillus Mycelium Colonies,VISIBLE_MOLD,VISIBLE_MOLD,COMMONS_EXPERT_ANNOTATION,REAL_PHOTOGRAPH,REAL,CC BY 4.0,GRP-source_002_mold-03,val,51f15bd36377f71b75b3d73794a3d78f67a571954cef9a93393fc8d8c21c0548
IMG-REAL-0085,DS-REAL-COMMONS-ASPERGILLUS-04,Wikimedia Commons Aspergillus Fungi,File:Aspergillus spp. X 40.jpg,https://upload.wikimedia.org/wikipedia/commons/2/26/Aspergillus_spp._X_40.jpg?utm_source=commons.wikimedia.org&utm_campaign=imageinfo&utm_content=original,raw\vision\source_002_mold\Aspergillus_spp._X_40.jpg,processed\vision\val\VISIBLE_MOLD\IMG-REAL-0085.jpg,Agricultural Feed / Mycological Substrate,Aspergillus Mycelium Colonies,VISIBLE_MOLD,VISIBLE_MOLD,COMMONS_EXPERT_ANNOTATION,REAL_PHOTOGRAPH,REAL,CC BY 4.0,GRP-source_002_mold-03,val,37db11d081682b2e53ab95ebb72e26860b1735f6839dad981589bb5be6d716a7
IMG-REAL-0086,DS-REAL-COMMONS-ASPERGILLUS-04,Wikimedia Commons Aspergillus Fungi,File:Aspergillus spp.jpg,https://upload.wikimedia.org/wikipedia/commons/9/94/Aspergillus_spp.jpg?utm_source=commons.wikimedia.org&utm_campaign=imageinfo&utm_content=original,raw\vision\source_002_mold\Aspergillus_spp.jpg,processed\vision\val\VISIBLE_MOLD\IMG-REAL-0086.jpg,Agricultural Feed / Mycological Substrate,Aspergillus Mycelium Colonies,VISIBLE_MOLD,VISIBLE_MOLD,COMMONS_EXPERT_ANNOTATION,REAL_PHOTOGRAPH,REAL,CC BY 4.0,GRP-source_002_mold-03,val,4f755c960d72cf8bc16b4b5db69cb50675abe92edb0a3019e1b7933b1f64cc97
IMG-REAL-0087,DS-REAL-COMMONS-ASPERGILLUS-04,Wikimedia Commons Aspergillus Fungi,File:Aspergillus.spp.jpg,https://upload.wikimedia.org/wikipedia/commons/7/70/Aspergillus.spp.jpg?utm_source=commons.wikimedia.org&utm_campaign=imageinfo&utm_content=original,raw\vision\source_002_mold\Aspergillus.spp.jpg,processed\vision\train\VISIBLE_MOLD\IMG-REAL-0087.jpg,Agricultural Feed / Mycological Substrate,Aspergillus Mycelium Colonies,VISIBLE_MOLD,VISIBLE_MOLD,COMMONS_EXPERT_ANNOTATION,REAL_PHOTOGRAPH,REAL,CC BY 4.0,GRP-source_002_mold-04,train,54314f2183e371d46170e27e07941f4290cd0e1aab21c8aae10d498cc5f128a3
IMG-REAL-0088,DS-REAL-COMMONS-ASPERGILLUS-04,Wikimedia Commons Aspergillus Fungi,File:Asperillus infected Peanut.jpg,https://upload.wikimedia.org/wikipedia/commons/a/a2/Asperillus_infected_Peanut.jpg?utm_source=commons.wikimedia.org&utm_campaign=imageinfo&utm_content=original,raw\vision\source_002_mold\Asperillus_infected_Peanut.jpg,processed\vision\train\VISIBLE_MOLD\IMG-REAL-0088.jpg,Agricultural Feed / Mycological Substrate,Aspergillus Mycelium Colonies,VISIBLE_MOLD,VISIBLE_MOLD,COMMONS_EXPERT_ANNOTATION,REAL_PHOTOGRAPH,REAL,CC BY 3.0 us,GRP-source_002_mold-04,train,ee2161f8d07e85a2edee57978216a2d9c5ed1a4fdd8c17c0cd49787b4a99ab0f
IMG-REAL-0089,DS-REAL-COMMONS-ASPERGILLUS-04,Wikimedia Commons Aspergillus Fungi,File:Catholic Picture Dictionary (Pfeiffer) - Aspergill.jpg,https://upload.wikimedia.org/wikipedia/commons/8/84/Catholic_Picture_Dictionary_%28Pfeiffer%29_-_Aspergill.jpg?utm_source=commons.wikimedia.org&utm_campaign=imageinfo&utm_content=original,raw\vision\source_002_mold\Catholic_Picture_Dictionary__Pfeiffer__-_Aspergill.jpg,processed\vision\train\VISIBLE_MOLD\IMG-REAL-0089.jpg,Agricultural Feed / Mycological Substrate,Aspergillus Mycelium Colonies,VISIBLE_MOLD,VISIBLE_MOLD,COMMONS_EXPERT_ANNOTATION,REAL_PHOTOGRAPH,REAL,Public domain,GRP-source_002_mold-04,train,fe74e46095addbf730d2592f79ebe050e310addb82e9c174ecdbbc0e60881c2a
IMG-REAL-0090,DS-REAL-COMMONS-ASPERGILLUS-04,Wikimedia Commons Aspergillus Fungi,File:Collage asper.jpg,https://upload.wikimedia.org/wikipedia/commons/5/5b/Collage_asper.jpg?utm_source=commons.wikimedia.org&utm_campaign=imageinfo&utm_content=original,raw\vision\source_002_mold\Collage_asper.jpg,processed\vision\train\VISIBLE_MOLD\IMG-REAL-0090.jpg,Agricultural Feed / Mycological Substrate,Aspergillus Mycelium Colonies,VISIBLE_MOLD,VISIBLE_MOLD,COMMONS_EXPERT_ANNOTATION,REAL_PHOTOGRAPH,REAL,CC BY-SA 4.0,GRP-source_002_mold-04,train,5cec21373cc0475767b4dc66fbaf0a015ba2eeba2ced6552b98ee4700a290db1
IMG-REAL-0091,DS-REAL-COMMONS-ASPERGILLUS-04,Wikimedia Commons Aspergillus Fungi,File:Comparative Colony Morphology of Various Aspergillus Species on a Quad-Plate of CMA.jpg,https://upload.wikimedia.org/wikipedia/commons/b/bb/Comparative_Colony_Morphology_of_Various_Aspergillus_Species_on_a_Quad-Plate_of_CMA.jpg?utm_source=commons.wikimedia.org&utm_campaign=imageinfo&utm_content=original,raw\vision\source_002_mold\Comparative_Colony_Morphology_of_Various_Aspergillus_Species_on_a_Quad-Plate_of_CMA.jpg,processed\vision\train\VISIBLE_MOLD\IMG-REAL-0091.jpg,Agricultural Feed / Mycological Substrate,Aspergillus Mycelium Colonies,VISIBLE_MOLD,VISIBLE_MOLD,COMMONS_EXPERT_ANNOTATION,REAL_PHOTOGRAPH,REAL,CC0,GRP-source_002_mold-04,train,61e345e331ed4a165f9931ac9a0a0b257d7d07f67a7b98ef2071007faae4a2e8
IMG-REAL-0092,DS-REAL-COMMONS-ASPERGILLUS-04,Wikimedia Commons Aspergillus Fungi,File:Comparative Colony Morphology of Various Aspergillus Species on a Quad-Plate of PDA.jpg,https://upload.wikimedia.org/wikipedia/commons/2/2f/Comparative_Colony_Morphology_of_Various_Aspergillus_Species_on_a_Quad-Plate_of_PDA.jpg?utm_source=commons.wikimedia.org&utm_campaign=imageinfo&utm_content=original,raw\vision\source_002_mold\Comparative_Colony_Morphology_of_Various_Aspergillus_Species_on_a_Quad-Plate_of_PDA.jpg,processed\vision\train\VISIBLE_MOLD\IMG-REAL-0092.jpg,Agricultural Feed / Mycological Substrate,Aspergillus Mycelium Colonies,VISIBLE_MOLD,VISIBLE_MOLD,COMMONS_EXPERT_ANNOTATION,REAL_PHOTOGRAPH,REAL,CC0,GRP-source_002_mold-05,train,b476a3ad3744265111aecf8abb8a6f848a28843926654553a6035d0a8924b7a7
IMG-REAL-0093,DS-REAL-COMMONS-ASPERGILLUS-04,Wikimedia Commons Aspergillus Fungi,File:Comparative Colony Morphology of Various Aspergillus Species on a Quad-Plate of Sabouraud dextrose agar (SDA).jpg,https://upload.wikimedia.org/wikipedia/commons/f/f6/Comparative_Colony_Morphology_of_Various_Aspergillus_Species_on_a_Quad-Plate_of_Sabouraud_dextrose_agar_%28SDA%29.jpg?utm_source=commons.wikimedia.org&utm_campaign=imageinfo&utm_content=original,raw\vision\source_002_mold\Comparative_Colony_Morphology_of_Various_Aspergillus_Species_on_a_Quad-Plate_of_Sabouraud_dextrose_agar__SDA_.jpg,processed\vision\train\VISIBLE_MOLD\IMG-REAL-0093.jpg,Agricultural Feed / Mycological Substrate,Aspergillus Mycelium Colonies,VISIBLE_MOLD,VISIBLE_MOLD,COMMONS_EXPERT_ANNOTATION,REAL_PHOTOGRAPH,REAL,CC0,GRP-source_002_mold-05,train,b55840a27e1d51eaeced6e0282f0fc0c36bbdc5c6c468ef54e816834ce006660
IMG-REAL-0094,DS-REAL-COMMONS-ASPERGILLUS-04,Wikimedia Commons Aspergillus Fungi,"File:Conidia, sterigma, vesicle, and conidiophore of Aspergillus.jpg",https://upload.wikimedia.org/wikipedia/commons/b/b3/Conidia%2C_sterigma%2C_vesicle%2C_and_conidiophore_of_Aspergillus.jpg?utm_source=commons.wikimedia.org&utm_campaign=imageinfo&utm_content=original,raw\vision\source_002_mold\Conidia__sterigma__vesicle__and_conidiophore_of_Aspergillus.jpg,processed\vision\train\VISIBLE_MOLD\IMG-REAL-0094.jpg,Agricultural Feed / Mycological Substrate,Aspergillus Mycelium Colonies,VISIBLE_MOLD,VISIBLE_MOLD,COMMONS_EXPERT_ANNOTATION,REAL_PHOTOGRAPH,REAL,CC0,GRP-source_002_mold-05,train,903cf523dd2ad4072a43993b49cdaf81d603619f75ece466d110d78325617891
IMG-REAL-0095,DS-REAL-COMMONS-ASPERGILLUS-04,Wikimedia Commons Aspergillus Fungi,"File:Conidia, sterigma, vesicle, conidiophores, foot cell, hyphae, and mycelium of Aspergillus.jpg",https://upload.wikimedia.org/wikipedia/commons/a/a5/Conidia%2C_sterigma%2C_vesicle%2C_conidiophores%2C_foot_cell%2C_hyphae%2C_and_mycelium_of_Aspergillus.jpg?utm_source=commons.wikimedia.org&utm_campaign=imageinfo&utm_content=original,raw\vision\source_002_mold\Conidia__sterigma__vesicle__conidiophores__foot_cell__hyphae__and_mycelium_of_Aspergillus.jpg,processed\vision\train\VISIBLE_MOLD\IMG-REAL-0095.jpg,Agricultural Feed / Mycological Substrate,Aspergillus Mycelium Colonies,VISIBLE_MOLD,VISIBLE_MOLD,COMMONS_EXPERT_ANNOTATION,REAL_PHOTOGRAPH,REAL,CC BY-SA 4.0,GRP-source_002_mold-05,train,6b37635a6a484f61eeea3fffeec8ea952ffb0462882bd6f52d2199576eb58888
IMG-REAL-0096,DS-REAL-COMMONS-ASPERGILLUS-04,Wikimedia Commons Aspergillus Fungi,"File:Conidia, Strigma, Vesicle, and Conidiophores of Aspergillus in LPCB Tease Mount Microscopy.jpg",https://upload.wikimedia.org/wikipedia/commons/d/df/Conidia%2C_Strigma%2C_Vesicle%2C_and_Conidiophores_of_Aspergillus_in_LPCB_Tease_Mount_Microscopy.jpg?utm_source=commons.wikimedia.org&utm_campaign=imageinfo&utm_content=original,raw\vision\source_002_mold\Conidia__Strigma__Vesicle__and_Conidiophores_of_Aspergillus_in_LPCB_Tease_Mount_Microscopy.jpg,processed\vision\train\VISIBLE_MOLD\IMG-REAL-0096.jpg,Agricultural Feed / Mycological Substrate,Aspergillus Mycelium Colonies,VISIBLE_MOLD,VISIBLE_MOLD,COMMONS_EXPERT_ANNOTATION,REAL_PHOTOGRAPH,REAL,CC BY-SA 4.0,GRP-source_002_mold-05,train,3bdd860f9c911d3d017d1f5b9afff1d9ff6141b245623b8baf8a77517ce7dd93
IMG-REAL-0097,DS-REAL-COMMONS-ASPERGILLUS-04,Wikimedia Commons Aspergillus Fungi,File:Conidiophore and vesicle of Aspergillus – 400x.jpg,https://upload.wikimedia.org/wikipedia/commons/7/78/Conidiophore_and_vesicle_of_Aspergillus_%E2%80%93_400x.jpg?utm_source=commons.wikimedia.org&utm_campaign=imageinfo&utm_content=original,raw\vision\source_002_mold\Conidiophore_and_vesicle_of_Aspergillus___400x.jpg,processed\vision\train\VISIBLE_MOLD\IMG-REAL-0097.jpg,Agricultural Feed / Mycological Substrate,Aspergillus Mycelium Colonies,VISIBLE_MOLD,VISIBLE_MOLD,COMMONS_EXPERT_ANNOTATION,REAL_PHOTOGRAPH,REAL,CC0,GRP-source_002_mold-06,train,a0af786286ab179f63826f0ef973126a792686f7f55037361f45c32ea697e880
IMG-REAL-0098,DS-REAL-COMMONS-ASPERGILLUS-04,Wikimedia Commons Aspergillus Fungi,File:Egyptian Netert Mudat Scarab Aspergillus Spore.png,https://upload.wikimedia.org/wikipedia/commons/7/7e/Egyptian_Netert_Mudat_Scarab_Aspergillus_Spore.png?utm_source=commons.wikimedia.org&utm_campaign=imageinfo&utm_content=original,raw\vision\source_002_mold\Egyptian_Netert_Mudat_Scarab_Aspergillus_Spore.png,processed\vision\train\VISIBLE_MOLD\IMG-REAL-0098.jpg,Agricultural Feed / Mycological Substrate,Aspergillus Mycelium Colonies,VISIBLE_MOLD,VISIBLE_MOLD,COMMONS_EXPERT_ANNOTATION,REAL_PHOTOGRAPH,REAL,CC BY-SA 4.0,GRP-source_002_mold-06,train,fee775481aee5f8c1569ca5cc16dfb7f7e1f3b5ad20c3ea95db2d19b5edb8b35
IMG-REAL-0099,DS-REAL-COMMONS-ASPERGILLUS-04,Wikimedia Commons Aspergillus Fungi,File:Hongo Aspergillus.jpg,https://upload.wikimedia.org/wikipedia/commons/8/8b/Hongo_Aspergillus.jpg?utm_source=commons.wikimedia.org&utm_campaign=imageinfo&utm_content=original,raw\vision\source_002_mold\Hongo_Aspergillus.jpg,processed\vision\train\VISIBLE_MOLD\IMG-REAL-0099.jpg,Agricultural Feed / Mycological Substrate,Aspergillus Mycelium Colonies,VISIBLE_MOLD,VISIBLE_MOLD,COMMONS_EXPERT_ANNOTATION,REAL_PHOTOGRAPH,REAL,CC BY-SA 4.0,GRP-source_002_mold-06,train,f63fa1c429e185fb3b0cfedb7db6bec76dd0c84635bf047afe4b0ac926a44d8b
