ph,moisture,temperature,ambient,dry_matter,label
4.72,57.04,30.02,23.11,42.96,Caution
4.72,68.83,27.1,23.26,31.17,Caution
3.96,63.99,35.39,33.47,36.01,Safe
6.09,51.24,44.35,33.25,48.76,Unsafe
4.3,70.31,31.47,24.18,29.69,Caution
4.35,56.59,38.85,32.54,43.41,Caution
4.17,62.15,28.69,28.67,37.85,Safe
5.3,43.1,50.77,33.62,56.9,Unsafe
3.97,65.52,27.38,26.29,34.48,Safe
4.0,65.24,29.4,27.32,34.76,Safe
4.02,65.98,36.55,35.56,34.02,Safe
6.16,77.66,45.64,30.4,22.34,Unsafe
7.57,81.29,46.39,31.23,18.71,Unsafe
4.12,62.78,26.42,23.69,37.22,Safe
4.64,54.73,30.18,25.42,45.27,Caution
4.7,58.76,31.79,26.47,41.24,Caution
4.73,70.27,28.06,23.69,29.73,Caution
4.55,54.31,40.06,33.39,45.69,Caution
4.86,58.34,30.0,22.6,41.66,Caution
4.14,66.01,30.8,30.86,33.99,Safe
4.03,67.13,25.36,25.45,32.87,Safe
7.18,73.85,43.97,28.21,26.15,Unsafe
5.77,80.43,40.86,29.93,19.57,Unsafe
4.01,63.4,30.68,30.14,36.6,Safe
4.05,64.62,26.27,26.97,35.38,Safe
6.22,40.67,43.79,34.19,59.33,Unsafe
3.88,61.76,27.76,26.73,38.24,Safe
4.16,66.87,31.98,33.02,33.13,Safe
4.78,58.45,26.08,22.39,41.55,Caution
4.21,60.44,34.65,33.75,39.56,Safe
4.02,65.62,26.89,27.94,34.38,Safe
4.62,71.21,40.66,34.12,28.79,Caution
3.85,60.41,23.39,22.86,39.59,Safe
4.37,69.42,31.24,27.1,30.58,Caution
4.17,62.11,30.95,28.35,37.89,Safe
4.47,71.98,39.77,33.2,28.02,Caution
4.0,65.29,26.53,26.32,34.71,Safe
4.5,69.77,40.59,34.54,30.23,Caution
3.95,67.65,33.78,31.3,32.35,Safe
4.34,72.46,38.11,30.38,27.54,Caution
4.36,71.33,33.47,26.68,28.67,Caution
4.31,71.2,37.43,31.77,28.8,Caution
5.47,74.8,37.62,27.79,25.2,Unsafe
4.35,69.16,29.77,24.35,30.84,Caution
4.13,65.17,33.85,31.41,34.83,Safe
5.87,73.45,51.62,33.4,26.55,Unsafe
4.51,71.93,30.2,23.49,28.07,Caution
4.63,57.73,33.23,28.22,42.27,Caution
7.59,83.36,42.62,26.43,16.64,Unsafe
4.1,64.87,33.05,32.7,35.13,Safe
3.84,63.69,27.8,25.37,36.31,Safe
4.54,69.37,28.34,23.66,30.63,Caution
4.73,68.54,33.39,27.76,31.46,Caution
4.84,55.43,39.61,32.81,44.57,Caution
4.08,63.04,24.85,25.83,36.96,Safe
4.33,57.1,35.65,30.8,42.9,Caution
4.43,71.9,29.83,24.13,28.1,Caution
4.21,63.54,33.24,34.16,36.46,Safe
5.54,82.82,41.46,28.05,17.18,Unsafe
3.98,60.04,25.47,23.94,39.96,Safe
3.87,63.93,25.49,22.99,36.07,Safe
4.78,54.64,33.6,28.13,45.36,Caution
4.04,64.96,34.02,34.46,35.04,Safe
6.54,50.16,52.64,35.64,49.84,Unsafe
5.48,73.23,43.58,31.02,26.77,Unsafe
4.47,58.97,31.76,26.48,41.03,Caution
4.8,71.34,29.06,23.16,28.66,Caution
4.14,65.7,30.47,30.63,34.3,Safe
6.11,77.8,41.42,32.56,22.2,Unsafe
6.43,76.18,39.19,30.61,23.82,Unsafe
4.57,57.29,33.3,26.58,42.71,Caution
5.99,77.01,37.29,27.48,22.99,Unsafe
3.83,61.8,28.86,28.13,38.2,Safe
3.96,65.11,32.92,31.12,34.89,Safe
4.0,63.33,23.36,24.57,36.67,Safe
3.93,65.64,25.37,25.55,34.36,Safe
4.54,54.43,27.72,23.93,45.57,Caution
6.23,75.52,40.35,25.9,24.48,Unsafe
7.68,75.21,37.07,28.62,24.79,Unsafe
4.33,59.33,39.02,31.96,40.67,Caution
4.78,58.22,37.45,31.89,41.78,Caution
4.52,71.93,38.4,31.71,28.07,Caution
5.19,50.76,41.33,28.49,49.24,Unsafe
4.06,60.88,30.47,30.58,39.12,Safe
4.77,68.65,38.09,31.23,31.35,Caution
4.85,72.35,36.75,32.42,27.65,Caution
4.58,56.97,35.83,28.66,43.03,Caution
3.9,60.33,33.96,31.92,39.67,Safe
7.65,76.42,39.14,26.6,23.58,Unsafe
6.32,75.74,49.77,33.38,24.26,Unsafe
3.96,60.64,30.79,30.24,39.36,Safe
3.92,61.76,28.88,27.01,38.24,Safe
4.86,68.57,34.34,30.78,31.43,Caution
4.06,64.61,21.1,22.4,35.39,Safe
4.13,65.58,25.52,24.47,34.42,Safe
6.86,41.89,51.3,33.07,58.11,Unsafe
3.98,61.37,28.21,26.3,38.63,Safe
3.84,63.36,27.4,27.63,36.64,Safe
4.67,56.51,33.62,26.67,43.49,Caution
4.71,68.4,39.96,34.53,31.6,Caution
4.01,65.62,35.26,35.5,34.38,Safe
4.22,65.2,24.66,24.82,34.8,Safe
4.39,68.58,31.53,26.19,31.42,Caution
7.55,80.97,30.96,22.53,19.03,Unsafe
7.0,76.45,40.17,27.42,23.55,Unsafe
3.85,66.36,31.59,30.98,33.64,Safe
7.74,43.81,41.67,23.48,56.19,Unsafe
4.16,64.53,25.29,26.76,35.47,Safe
3.92,63.08,24.37,23.3,36.92,Safe
4.2,61.13,25.74,26.74,38.87,Safe
4.53,70.85,33.01,25.63,29.15,Caution
4.67,69.65,33.16,26.11,30.35,Caution
4.1,62.33,26.95,25.13,37.67,Safe
3.93,67.04,26.9,24.97,32.96,Safe
3.9,66.23,37.03,34.52,33.77,Safe
4.86,56.24,35.51,28.36,43.76,Caution
4.35,59.74,27.8,23.57,40.26,Caution
3.8,61.6,35.66,35.51,38.4,Safe
4.81,69.6,29.02,24.77,30.4,Caution
5.16,74.9,46.13,31.76,25.1,Unsafe
6.37,45.24,45.56,33.19,54.76,Unsafe
4.8,58.81,30.0,24.2,41.19,Caution
4.05,65.67,28.17,28.9,34.33,Safe
6.61,81.0,51.78,35.09,19.0,Unsafe
5.92,49.62,54.6,35.44,50.38,Unsafe
6.62,74.89,50.85,35.55,25.11,Unsafe
7.43,75.72,37.88,27.85,24.28,Unsafe
4.22,63.83,34.47,35.47,36.17,Safe
4.1,61.05,27.13,27.65,38.95,Safe
5.16,82.92,37.27,28.86,17.08,Unsafe
4.18,60.74,33.1,32.25,39.26,Safe
4.04,64.19,33.37,33.82,35.81,Safe
7.28,73.12,38.0,23.27,26.88,Unsafe
4.53,55.96,28.57,24.35,44.04,Caution
3.94,64.39,23.55,23.79,35.61,Safe
4.3,55.57,39.47,34.84,44.43,Caution
3.84,64.67,28.89,28.0,35.33,Safe
4.38,56.91,30.74,23.85,43.09,Caution
3.94,60.23,28.08,25.3,39.77,Safe
4.0,61.35,27.03,26.24,38.65,Safe
5.83,50.46,47.66,32.81,49.54,Unsafe
4.18,60.37,31.68,31.15,39.63,Safe
7.74,73.78,51.24,34.54,26.22,Unsafe
3.82,65.91,32.54,33.64,34.09,Safe
4.7,55.23,36.85,29.39,44.77,Caution
4.47,68.39,26.49,22.85,31.61,Caution
4.5,71.54,32.51,24.85,28.46,Caution
4.42,59.34,30.3,23.26,40.66,Caution
4.44,69.09,32.01,27.08,30.91,Caution
6.18,48.04,48.05,29.23,51.96,Unsafe
3.92,63.27,31.87,32.08,36.73,Safe
4.39,55.31,32.28,27.61,44.69,Caution
7.77,46.8,42.84,24.55,53.2,Unsafe
4.45,54.81,35.39,28.3,45.19,Caution
4.2,60.26,30.26,27.48,39.74,Safe
6.44,78.07,40.04,24.56,21.93,Unsafe
7.82,83.07,42.61,30.58,16.93,Unsafe
5.72,49.98,43.09,34.94,50.02,Unsafe
4.62,57.71,33.88,29.85,42.29,Caution
4.21,67.58,35.65,35.97,32.42,Safe
3.98,64.76,32.43,32.24,35.24,Safe
4.62,58.47,28.28,22.32,41.53,Caution
3.81,60.27,30.85,29.59,39.73,Safe
4.01,65.76,38.09,35.94,34.24,Safe
3.94,60.56,33.77,32.39,39.44,Safe
7.58,74.37,45.48,31.78,25.63,Unsafe
4.58,59.96,39.85,33.34,40.04,Caution
7.76,44.54,38.8,29.93,55.46,Unsafe
3.98,61.07,38.16,35.49,38.93,Safe
4.07,61.85,24.5,22.27,38.15,Safe
4.19,66.04,33.09,33.13,33.96,Safe
5.99,75.49,39.85,24.82,24.51,Unsafe
4.18,66.58,29.28,29.56,33.42,Safe
4.13,63.05,27.16,25.21,36.95,Safe
4.36,68.43,30.06,25.02,31.57,Caution
7.42,84.0,46.76,33.71,16.0,Unsafe
5.89,42.99,48.15,29.2,57.01,Unsafe
4.3,57.39,33.17,27.84,42.61,Caution
4.43,70.13,32.0,26.56,29.87,Caution
4.56,70.6,27.18,22.28,29.4,Caution
4.02,63.6,25.21,24.52,36.4,Safe
4.17,65.63,28.34,27.68,34.37,Safe
4.84,55.85,30.72,24.0,44.15,Caution
4.12,67.41,29.3,29.88,32.59,Safe
4.14,63.21,35.72,35.17,36.79,Safe
7.06,78.87,46.77,30.46,21.13,Unsafe
4.14,67.34,30.85,31.2,32.66,Safe
4.29,54.1,30.28,26.24,45.9,Caution
5.2,83.59,44.0,26.11,16.41,Unsafe
5.65,83.02,44.55,34.58,16.98,Unsafe
4.31,55.11,39.23,34.08,44.89,Caution
4.39,58.38,31.8,24.59,41.62,Caution
4.65,68.87,36.74,31.96,31.13,Caution
3.99,67.34,25.97,24.37,32.66,Safe
4.12,65.57,31.94,30.25,34.43,Safe
6.75,75.81,44.12,24.76,24.19,Unsafe
4.51,71.13,36.16,30.33,28.87,Caution
5.76,78.6,43.62,25.21,21.4,Unsafe
4.67,59.66,32.76,27.7,40.34,Caution
4.07,66.25,36.0,36.0,33.75,Safe
7.68,43.74,48.55,29.53,56.26,Unsafe
4.39,69.23,30.97,27.09,30.77,Caution
4.58,57.59,35.37,27.87,42.41,Caution
4.6,56.08,32.53,25.49,43.92,Caution
4.01,62.07,28.91,29.53,37.93,Safe
3.98,60.95,30.45,28.27,39.05,Safe
4.87,71.53,41.41,35.6,28.47,Caution
4.41,58.93,41.2,34.66,41.07,Caution
4.86,55.53,28.27,24.02,44.47,Caution
4.22,65.42,24.17,22.95,34.58,Safe
4.4,59.86,35.41,30.71,40.14,Caution
4.86,68.48,40.04,34.19,31.52,Caution
3.98,62.57,30.57,29.73,37.43,Safe
3.82,65.29,29.52,29.64,34.71,Safe
3.95,64.02,29.2,28.51,35.98,Safe
3.9,61.79,29.56,30.95,38.21,Safe
4.71,59.17,35.44,31.43,40.83,Caution
4.69,70.54,29.23,22.15,29.46,Caution
3.89,66.5,32.03,31.03,33.5,Safe
4.82,59.75,40.7,34.28,40.25,Caution
4.02,60.91,34.19,32.4,39.09,Safe
7.61,76.84,40.52,22.48,23.16,Unsafe
4.15,62.22,23.83,23.16,37.78,Safe
4.48,71.56,33.52,26.93,28.44,Caution
3.88,63.62,28.43,27.79,36.38,Safe
3.86,61.71,27.13,27.07,38.29,Safe
6.52,82.82,38.82,28.79,17.18,Unsafe
7.57,83.56,48.52,34.37,16.44,Unsafe
4.33,54.65,29.85,26.14,45.35,Caution
3.91,67.58,22.3,23.49,32.42,Safe
7.48,76.77,40.11,22.86,23.23,Unsafe
4.19,66.9,21.17,22.59,33.1,Safe
7.45,78.05,30.87,22.01,21.95,Unsafe
6.36,80.88,34.62,22.35,19.12,Unsafe
4.42,72.29,31.4,25.22,27.71,Caution
4.01,67.91,25.1,22.59,32.09,Safe
5.15,75.36,42.51,30.34,24.64,Unsafe
6.09,82.66,37.75,28.61,17.34,Unsafe
4.04,60.07,36.04,34.76,39.93,Safe
4.69,68.39,37.17,31.24,31.61,Caution
4.67,54.57,38.52,34.85,45.43,Caution
3.83,63.6,31.09,32.06,36.4,Safe
5.76,82.41,38.08,25.75,17.59,Unsafe
3.82,64.87,33.56,34.74,35.13,Safe
3.97,66.89,27.97,25.5,33.11,Safe
4.41,59.95,38.38,31.77,40.05,Caution
6.08,40.76,51.25,33.3,59.24,Unsafe
3.99,60.79,33.6,34.23,39.21,Safe
5.74,76.26,42.64,33.87,23.74,Unsafe
3.83,62.44,22.27,23.19,37.56,Safe
4.07,66.81,28.22,26.74,33.19,Safe
3.95,65.6,33.07,30.64,34.4,Safe
4.76,71.85,30.32,26.59,28.15,Caution
4.52,59.17,39.41,33.3,40.83,Caution
3.95,63.96,37.66,34.87,36.04,Safe
4.31,71.67,39.19,35.6,28.33,Caution
4.2,67.75,24.66,24.81,32.25,Safe
4.13,61.81,33.81,32.7,38.19,Safe
4.16,61.65,26.46,24.8,38.35,Safe
7.27,42.7,50.25,34.27,57.3,Unsafe
7.63,74.81,45.71,26.78,25.19,Unsafe
3.92,60.05,26.99,26.31,39.95,Safe
4.11,61.53,29.19,29.6,38.47,Safe
3.96,62.95,32.34,29.81,37.05,Safe
4.33,70.52,35.56,30.47,29.48,Caution
4.17,66.77,29.39,26.84,33.23,Safe
3.91,65.29,32.94,31.73,34.71,Safe
4.42,55.78,33.15,26.51,44.22,Caution
3.8,62.69,35.99,33.69,37.31,Safe
4.29,68.17,41.58,35.6,31.83,Caution
7.19,46.08,53.69,35.59,53.92,Unsafe
4.62,57.31,34.79,27.55,42.69,Caution
4.0,66.76,36.08,34.69,33.24,Safe
3.83,61.26,25.96,26.32,38.74,Safe
7.76,78.06,35.24,26.08,21.94,Unsafe
4.06,64.94,24.3,24.55,35.06,Safe
3.88,61.71,28.42,29.52,38.29,Safe
4.63,55.56,38.12,32.87,44.44,Caution
4.35,56.79,37.69,32.53,43.21,Caution
6.73,82.39,44.4,32.27,17.61,Unsafe
3.88,65.62,36.28,34.06,34.38,Safe
4.58,55.68,36.56,32.05,44.32,Caution
4.82,69.72,29.31,23.93,30.28,Caution
7.17,76.32,43.9,29.66,23.68,Unsafe
4.11,62.34,21.79,23.16,37.66,Safe
4.07,65.98,34.48,32.3,34.02,Safe
7.35,72.75,45.39,29.39,27.25,Unsafe
4.71,57.62,30.24,24.88,42.38,Caution
4.09,60.01,26.6,25.28,39.99,Safe
4.09,67.17,26.7,27.38,32.83,Safe
3.91,62.2,23.36,22.96,37.8,Safe
4.39,54.46,33.58,28.64,45.54,Caution
7.5,81.55,47.05,30.57,18.45,Unsafe
4.0,66.18,29.53,28.49,33.82,Safe
4.05,64.01,29.39,28.82,35.99,Safe
3.82,65.23,26.34,26.69,34.77,Safe
4.53,68.71,40.95,33.28,31.29,Caution
4.08,63.08,25.47,25.48,36.92,Safe
4.6,54.29,40.13,33.02,45.71,Caution
4.13,61.42,32.74,31.68,38.58,Safe
4.65,70.41,32.0,24.64,29.59,Caution
4.63,68.3,33.14,26.92,31.7,Caution
4.64,70.32,35.25,28.65,29.68,Caution
7.14,74.29,42.56,31.34,25.71,Unsafe
3.94,65.39,28.21,26.2,34.61,Safe
4.66,58.95,29.26,22.78,41.05,Caution
6.98,81.99,45.03,25.85,18.01,Unsafe
3.81,67.12,33.4,32.9,32.88,Safe
7.48,76.02,43.3,25.84,23.98,Unsafe
7.36,82.21,44.26,33.22,17.79,Unsafe
5.77,82.3,47.54,31.77,17.7,Unsafe
4.14,67.91,23.62,22.13,32.09,Safe
4.86,54.12,31.63,24.46,45.88,Caution
4.69,54.06,39.79,34.7,45.94,Caution
4.03,65.77,34.8,32.96,34.23,Safe
4.62,71.58,33.47,25.77,28.42,Caution
4.38,70.37,37.97,31.16,29.63,Caution
4.33,59.68,32.62,28.0,40.32,Caution
4.87,71.37,35.52,30.63,28.63,Caution
4.83,56.1,37.44,29.82,43.9,Caution
4.16,66.21,23.18,24.6,33.79,Safe
4.3,72.15,36.85,30.8,27.85,Caution
4.4,72.46,36.18,29.32,27.54,Caution
4.42,54.78,38.11,34.0,45.22,Caution
4.61,68.62,32.19,26.96,31.38,Caution
4.79,72.39,32.81,25.54,27.61,Caution
4.65,59.08,31.66,27.88,40.92,Caution
4.42,71.01,39.92,35.11,28.99,Caution
6.94,79.57,44.73,26.12,20.43,Unsafe
4.57,70.34,27.54,23.68,29.66,Caution
4.6,71.66,39.52,35.59,28.34,Caution
4.02,60.06,26.95,24.34,39.94,Safe
4.03,66.86,29.94,28.07,33.14,Safe
3.84,65.76,28.54,28.37,34.24,Safe
3.87,61.6,22.56,23.6,38.4,Safe
4.12,64.03,29.28,30.61,35.97,Safe
4.14,65.52,32.57,33.98,34.48,Safe
4.44,72.19,26.24,22.22,27.81,Caution
4.49,55.92,30.48,25.77,44.08,Caution
6.85,82.84,34.15,24.94,17.16,Unsafe
4.41,58.48,31.13,24.97,41.52,Caution
4.0,63.49,31.76,29.22,36.51,Safe
3.96,66.35,24.93,26.22,33.65,Safe
3.87,62.61,22.83,22.7,37.39,Safe
3.83,67.19,22.88,24.11,32.81,Safe
4.73,71.03,42.6,34.85,28.97,Caution
6.65,43.13,34.13,23.23,56.87,Unsafe
4.49,56.41,28.11,23.69,43.59,Caution
4.64,72.1,29.59,24.72,27.9,Caution
3.94,60.4,34.96,35.53,39.6,Safe
4.07,62.71,32.61,29.91,37.29,Safe
6.16,72.93,42.25,31.69,27.07,Unsafe
4.52,59.32,33.28,27.7,40.68,Caution
4.87,59.43,30.04,23.8,40.57,Caution
4.76,69.16,27.86,24.24,30.84,Caution
7.09,77.46,32.36,23.18,22.54,Unsafe
7.7,83.41,32.79,23.67,16.59,Unsafe
4.49,58.71,35.53,29.47,41.29,Caution
5.64,75.18,41.11,28.26,24.82,Unsafe
6.0,75.95,37.89,25.54,24.05,Unsafe
4.74,54.18,30.74,24.72,45.82,Caution
4.32,56.03,37.71,30.3,43.97,Caution
4.44,57.3,35.07,28.71,42.7,Caution
4.62,54.29,39.9,32.28,45.71,Caution
4.45,57.5,38.94,31.62,42.5,Caution
3.86,60.19,24.79,25.07,39.81,Safe
5.38,50.61,39.32,29.98,49.39,Unsafe
3.93,65.55,33.57,31.38,34.45,Safe
3.97,64.36,33.77,31.26,35.64,Safe
4.29,55.15,33.35,26.85,44.85,Caution
3.83,62.3,32.95,32.18,37.7,Safe
7.32,78.35,47.33,31.31,21.65,Unsafe
6.31,77.45,41.52,22.57,22.55,Unsafe
5.22,74.3,41.4,29.53,25.7,Unsafe
4.11,64.72,22.14,23.21,35.28,Safe
4.05,62.82,27.95,26.01,37.18,Safe
6.31,72.86,34.93,26.13,27.14,Unsafe
7.3,73.96,45.14,30.87,26.04,Unsafe
3.86,64.0,21.33,22.79,36.0,Safe
7.04,74.03,43.85,31.22,25.97,Unsafe
4.55,70.84,32.19,26.17,29.16,Caution
7.26,76.81,52.36,35.52,23.19,Unsafe
7.23,73.9,40.53,23.7,26.1,Unsafe
4.35,69.55,38.9,34.38,30.45,Caution
3.96,65.16,33.22,33.56,34.84,Safe
4.73,68.14,28.47,24.03,31.86,Caution
3.86,60.6,30.43,31.25,39.4,Safe
6.63,82.66,33.81,22.48,17.34,Unsafe
4.18,64.6,27.24,25.73,35.4,Safe
4.39,55.07,41.7,34.72,44.93,Caution
4.14,60.24,36.63,34.3,39.76,Safe
4.21,60.54,30.17,31.3,39.46,Safe
4.54,59.81,32.94,26.81,40.19,Caution
5.96,80.82,39.68,27.44,19.18,Unsafe
4.42,71.0,30.07,23.34,29.0,Caution
4.13,62.61,25.46,23.44,37.39,Safe
4.53,56.73,41.63,35.48,43.27,Caution
4.69,70.25,36.4,30.27,29.75,Caution
5.71,73.54,35.24,26.22,26.46,Unsafe
3.89,61.4,23.09,24.03,38.6,Safe
6.59,74.16,46.73,27.38,25.84,Unsafe
4.12,65.88,33.46,32.26,34.12,Safe
4.01,67.59,33.91,34.58,32.41,Safe
4.7,56.7,31.44,24.63,43.3,Caution
3.97,62.16,25.3,26.66,37.84,Safe
4.01,63.98,26.65,27.03,36.02,Safe
5.55,45.68,37.35,26.02,54.32,Unsafe
4.13,65.18,27.81,26.74,34.82,Safe
5.94,83.41,35.15,24.65,16.59,Unsafe
3.91,63.0,24.56,22.64,37.0,Safe
4.36,57.63,38.86,32.49,42.37,Caution
4.14,64.73,27.34,27.37,35.27,Safe
4.05,61.5,31.06,32.1,38.5,Safe
5.42,82.27,43.89,25.29,17.73,Unsafe
6.83,74.93,38.57,26.09,25.07,Unsafe
4.1,65.89,33.42,33.72,34.11,Safe
4.7,56.41,39.99,35.64,43.59,Caution
4.09,67.48,34.02,31.82,32.52,Safe
3.83,66.76,30.65,31.19,33.24,Safe
4.12,67.64,28.56,27.12,32.36,Safe
5.53,45.85,35.49,22.55,54.15,Unsafe
4.62,70.65,31.13,26.16,29.35,Caution
4.1,60.81,23.96,23.26,39.19,Safe
7.01,73.19,33.68,24.06,26.81,Unsafe
4.13,67.85,33.9,34.63,32.15,Safe
4.49,57.87,33.65,29.58,42.13,Caution
4.07,66.57,33.52,33.36,33.43,Safe
4.2,63.17,27.78,26.37,36.83,Safe
4.73,58.48,29.51,23.02,41.52,Caution
7.66,83.23,43.74,34.15,16.77,Unsafe
4.08,61.9,28.4,28.13,38.1,Safe
4.05,61.54,32.49,31.01,38.46,Safe
3.84,64.83,24.22,23.65,35.17,Safe
4.43,59.81,34.99,27.92,40.19,Caution
4.63,72.47,41.92,34.56,27.53,Caution
4.13,66.36,30.57,29.36,33.64,Safe
5.79,77.92,36.25,25.84,22.08,Unsafe
6.96,49.34,48.52,33.7,50.66,Unsafe
7.57,74.13,49.0,35.61,25.87,Unsafe
4.54,68.47,32.83,28.88,31.53,Caution
3.97,61.43,22.21,23.48,38.57,Safe
3.9,67.91,30.85,29.06,32.09,Safe
4.39,70.74,40.64,34.54,29.26,Caution
4.3,57.71,38.05,31.0,42.29,Caution
6.86,73.1,36.48,25.65,26.9,Unsafe
5.62,83.48,50.79,33.28,16.52,Unsafe
5.89,72.95,43.49,30.27,27.05,Unsafe
4.14,60.05,26.12,25.09,39.95,Safe
4.18,66.96,28.28,29.01,33.04,Safe
4.28,55.34,38.54,31.85,44.66,Caution
5.36,83.81,42.66,23.29,16.19,Unsafe
5.65,79.05,39.04,24.76,20.95,Unsafe
5.35,76.05,35.04,24.43,23.95,Unsafe
3.82,63.81,27.02,27.88,36.19,Safe
4.21,67.9,31.09,30.32,32.1,Safe
4.37,58.98,42.42,35.32,41.02,Caution
4.08,64.3,23.76,22.16,35.7,Safe
4.22,63.83,31.87,33.05,36.17,Safe
4.13,64.17,31.62,29.35,35.83,Safe
4.6,57.58,27.1,22.39,42.42,Caution
4.61,58.45,34.91,28.77,41.55,Caution
5.83,51.39,48.42,30.54,48.61,Unsafe
4.31,70.96,39.91,35.64,29.04,Caution
4.09,62.77,25.81,26.07,37.23,Safe
4.59,70.94,35.07,31.29,29.06,Caution
4.87,68.75,33.62,26.06,31.25,Caution
6.9,77.9,49.93,34.93,22.1,Unsafe
4.81,70.94,37.19,29.57,29.06,Caution
7.55,82.62,45.04,30.4,17.38,Unsafe
3.87,65.57,29.01,27.8,34.43,Safe
4.1,67.49,30.84,30.04,32.51,Safe
4.21,65.14,32.35,33.53,34.86,Safe
7.4,78.84,37.37,22.29,21.16,Unsafe
3.99,60.63,30.94,28.65,39.37,Safe
3.82,63.74,32.68,31.62,36.26,Safe
4.16,61.81,30.06,27.83,38.19,Safe
4.84,54.11,38.58,34.56,45.89,Caution
4.76,71.52,33.73,27.26,28.48,Caution
3.79,66.51,28.55,25.85,33.49,Safe
4.07,64.31,26.94,25.34,35.69,Safe
6.14,73.84,49.35,35.0,26.16,Unsafe
7.66,74.15,40.7,30.66,25.85,Unsafe
7.19,81.75,35.11,23.52,18.25,Unsafe
5.84,45.08,41.94,24.73,54.92,Unsafe
4.76,71.22,38.53,32.53,28.78,Caution
3.94,66.94,35.42,34.7,33.06,Safe
4.48,56.07,29.71,22.38,43.93,Caution
4.71,69.19,38.4,32.01,30.81,Caution
3.95,64.76,37.05,35.55,35.24,Safe
4.06,66.67,30.89,28.1,33.33,Safe
4.37,54.22,36.91,33.18,45.78,Caution
4.85,69.21,36.37,29.31,30.79,Caution
4.65,70.19,38.49,33.41,29.81,Caution
4.74,71.96,36.28,30.06,28.04,Caution
3.85,64.94,21.92,23.19,35.06,Safe
4.18,60.54,28.03,25.61,39.46,Safe
3.99,60.07,33.85,33.87,39.93,Safe
4.14,64.4,28.6,26.04,35.6,Safe
4.84,70.8,37.9,32.39,29.2,Caution
7.34,74.57,47.32,31.1,25.43,Unsafe
6.61,76.5,48.96,33.05,23.5,Unsafe
3.88,66.02,26.7,26.65,33.98,Safe
4.82,55.19,34.22,27.52,44.81,Caution
5.57,73.88,35.1,25.54,26.12,Unsafe
5.73,78.22,48.89,34.71,21.78,Unsafe
4.81,68.72,33.23,28.63,31.28,Caution
4.46,69.88,33.76,29.56,30.12,Caution
4.55,68.51,29.47,23.52,31.49,Caution
4.51,68.77,39.17,31.49,31.23,Caution
4.14,61.46,32.33,30.41,38.54,Safe
4.17,62.05,29.77,31.11,37.95,Safe
3.91,63.27,35.94,33.53,36.73,Safe
3.9,66.32,36.53,34.31,33.68,Safe
4.55,55.58,39.02,31.89,44.42,Caution
4.87,71.34,37.4,30.83,28.66,Caution
6.69,79.5,45.38,28.84,20.5,Unsafe
3.95,62.53,36.13,33.93,37.47,Safe
4.16,64.62,34.77,33.61,35.38,Safe
4.61,59.75,37.57,33.04,40.25,Caution
4.44,70.93,37.99,31.99,29.07,Caution
6.29,76.94,39.41,29.25,23.06,Unsafe
4.58,69.96,41.06,33.61,30.04,Caution
6.23,51.8,39.41,25.52,48.2,Unsafe
4.79,70.3,29.02,23.05,29.7,Caution
5.78,77.61,39.77,28.88,22.39,Unsafe
7.08,79.69,48.38,28.92,20.31,Unsafe
3.83,60.51,22.34,23.12,39.49,Safe
4.75,69.53,36.83,31.6,30.47,Caution
3.88,61.1,35.86,35.27,38.9,Safe
5.69,42.21,37.92,28.57,57.79,Unsafe
4.28,68.18,36.35,31.84,31.82,Caution
7.42,79.71,42.75,29.95,20.29,Unsafe
3.82,62.41,35.39,35.19,37.59,Safe
3.94,64.02,24.63,25.8,35.98,Safe
4.73,56.76,35.32,29.45,43.24,Caution
3.85,63.04,26.04,24.4,36.96,Safe
4.08,65.77,32.08,30.91,34.23,Safe
4.42,69.68,31.62,27.35,30.32,Caution
4.72,59.46,32.86,25.49,40.54,Caution
3.95,64.79,30.04,31.34,35.21,Safe
5.65,73.75,43.15,27.71,26.25,Unsafe
4.18,66.99,33.45,32.13,33.01,Safe
7.17,73.11,44.9,34.62,26.89,Unsafe
3.78,66.52,25.45,25.64,33.48,Safe
3.92,65.63,26.76,25.94,34.37,Safe
3.78,67.46,32.74,31.99,32.54,Safe
4.4,71.29,31.16,25.95,28.71,Caution
4.68,58.91,35.66,31.51,41.09,Caution
6.89,78.31,36.84,24.95,21.69,Unsafe
4.13,65.0,34.09,31.62,35.0,Safe
4.19,60.54,26.4,27.24,39.46,Safe
4.12,61.9,31.71,28.94,38.1,Safe
6.07,41.08,53.1,33.84,58.92,Unsafe
6.51,75.12,41.29,22.89,24.88,Unsafe
6.01,51.79,49.76,31.52,48.21,Unsafe
6.76,75.38,41.94,23.31,24.62,Unsafe
4.21,62.24,34.45,34.43,37.76,Safe
6.46,80.52,48.27,35.1,19.48,Unsafe
4.7,56.56,29.52,22.73,43.44,Caution
4.67,70.39,31.3,26.6,29.61,Caution
4.68,70.62,29.93,23.53,29.38,Caution
4.17,65.57,32.58,29.92,34.43,Safe
4.21,64.2,30.4,28.78,35.8,Safe
3.88,62.77,22.35,22.09,37.23,Safe
4.33,54.9,33.21,25.72,45.1,Caution
3.84,67.42,31.11,28.78,32.58,Safe
6.0,47.33,45.06,32.75,52.67,Unsafe
5.93,50.86,49.21,33.0,49.14,Unsafe
5.69,80.56,49.3,31.56,19.44,Unsafe
3.92,67.05,31.17,32.23,32.95,Safe
5.58,72.99,45.88,26.39,27.01,Unsafe
4.34,55.33,34.18,26.76,44.67,Caution
4.08,63.9,32.95,32.92,36.1,Safe
4.56,56.58,40.17,32.66,43.42,Caution
5.6,73.46,41.79,26.46,26.54,Unsafe
3.81,65.7,32.97,33.3,34.3,Safe
4.69,59.99,39.32,33.77,40.01,Caution
6.52,73.77,50.3,33.67,26.23,Unsafe
3.85,65.21,26.48,26.42,34.79,Safe
4.22,65.3,28.2,29.49,34.7,Safe
4.49,57.91,33.42,27.22,42.09,Caution
3.84,64.86,34.11,31.51,35.14,Safe
7.14,83.79,53.7,34.44,16.21,Unsafe
4.85,71.68,31.2,25.86,28.32,Caution
4.59,56.91,37.09,33.53,43.09,Caution
3.88,65.15,34.3,35.58,34.85,Safe
3.97,64.18,25.85,25.47,35.82,Safe
3.88,64.61,34.53,34.82,35.39,Safe
4.11,61.96,27.11,24.74,38.04,Safe
4.71,58.23,28.07,24.02,41.77,Caution
4.75,55.81,34.29,28.1,44.19,Caution
3.89,63.65,35.76,33.66,36.35,Safe
4.73,68.68,29.42,24.28,31.32,Caution
6.91,80.18,45.27,33.4,19.82,Unsafe
3.86,67.75,36.74,35.45,32.25,Safe
3.95,61.26,29.34,29.41,38.74,Safe
3.8,62.33,30.44,29.23,37.67,Safe
4.46,59.26,36.37,31.22,40.74,Caution
4.16,67.18,31.85,32.6,32.82,Safe
4.37,70.99,42.7,35.92,29.01,Caution
3.98,63.18,28.2,25.56,36.82,Safe
5.49,81.27,39.46,29.9,18.73,Unsafe
4.67,56.37,32.99,28.82,43.63,Caution
4.02,66.51,25.35,26.66,33.49,Safe
4.16,64.03,22.89,23.52,35.97,Safe
6.83,79.42,45.84,35.89,20.58,Unsafe
4.15,61.55,23.7,24.25,38.45,Safe
4.36,54.55,30.92,24.69,45.45,Caution
4.21,64.29,31.2,30.98,35.71,Safe
6.66,83.31,50.85,33.03,16.69,Unsafe
4.59,68.65,31.88,24.2,31.35,Caution
6.31,80.35,41.07,25.95,19.65,Unsafe
4.09,60.47,32.15,33.16,39.53,Safe
4.11,67.68,23.77,23.24,32.32,Safe
4.48,70.19,40.04,32.34,29.81,Caution
3.87,63.08,27.63,25.5,36.92,Safe
3.96,67.24,27.21,27.82,32.76,Safe
4.12,63.75,22.72,22.74,36.25,Safe
4.6,71.03,31.18,26.64,28.97,Caution
3.93,67.02,29.72,28.3,32.98,Safe
7.69,79.46,48.42,29.35,20.54,Unsafe
6.74,44.35,52.89,34.17,55.65,Unsafe
6.85,74.28,43.71,29.63,25.72,Unsafe
5.76,78.22,40.26,22.44,21.78,Unsafe
4.49,69.51,41.74,35.59,30.49,Caution
4.04,62.6,21.58,22.17,37.4,Safe
7.11,42.33,40.3,30.47,57.67,Unsafe
4.14,66.17,21.94,22.97,33.83,Safe
3.8,64.02,25.5,26.89,35.98,Safe
7.16,44.34,40.85,29.93,55.66,Unsafe
4.77,54.86,41.11,33.88,45.14,Caution
4.82,54.08,27.28,22.97,45.92,Caution
3.96,63.62,34.5,35.87,36.38,Safe
3.94,63.99,29.74,28.6,36.01,Safe
3.87,65.64,25.91,26.17,34.36,Safe
6.16,75.77,50.24,31.53,24.23,Unsafe
3.93,67.09,27.66,28.42,32.91,Safe
5.2,77.56,44.84,26.53,22.44,Unsafe
4.84,56.89,31.71,25.08,43.11,Caution
4.53,58.13,29.3,24.3,41.87,Caution
4.41,70.96,42.78,35.59,29.04,Caution
4.2,60.04,31.09,31.9,39.96,Safe
5.93,82.45,42.0,24.18,17.55,Unsafe
3.99,66.38,23.25,22.47,33.62,Safe
4.06,66.74,25.17,22.44,33.26,Safe
4.16,62.63,24.33,24.9,37.37,Safe
4.71,71.88,28.7,23.53,28.12,Caution
7.47,48.99,40.72,30.94,51.01,Unsafe
7.09,79.3,32.76,23.63,20.7,Unsafe
4.43,55.7,34.74,31.24,44.3,Caution
3.81,60.72,30.92,29.25,39.28,Safe
4.07,64.21,32.09,29.99,35.79,Safe
7.59,50.15,46.93,28.43,49.85,Unsafe
5.58,82.55,35.45,24.88,17.45,Unsafe
7.49,80.5,41.66,29.16,19.5,Unsafe
4.07,66.11,36.41,33.85,33.89,Safe
7.7,83.09,38.32,29.94,16.91,Unsafe
3.9,66.27,30.05,27.31,33.73,Safe
3.96,66.02,37.18,35.77,33.98,Safe
3.82,61.99,33.61,33.7,38.01,Safe
4.3,57.07,39.3,34.97,42.93,Caution
3.88,60.06,27.79,28.03,39.94,Safe
3.81,60.15,33.24,34.41,39.85,Safe
3.84,66.25,31.31,32.09,33.75,Safe
6.78,79.7,51.32,33.3,20.3,Unsafe
4.46,55.28,36.74,32.73,44.72,Caution
5.45,80.67,39.57,22.29,19.33,Unsafe
6.5,75.53,43.8,26.29,24.47,Unsafe
7.36,82.13,55.13,35.78,17.87,Unsafe
4.7,56.83,31.33,27.59,43.17,Caution
7.02,76.73,38.34,30.16,23.27,Unsafe
4.31,56.43,39.07,33.66,43.57,Caution
6.24,48.83,40.44,29.09,51.17,Unsafe
4.33,71.83,28.7,24.73,28.17,Caution
4.21,66.06,29.47,27.78,33.94,Safe
4.04,65.08,34.11,34.83,34.92,Safe
4.88,55.26,28.7,23.41,44.74,Caution
7.13,73.31,35.7,26.18,26.69,Unsafe
7.15,83.82,48.19,34.91,16.18,Unsafe
4.54,68.26,34.41,28.5,31.74,Caution
4.28,69.38,32.46,25.43,30.62,Caution
5.86,78.96,44.77,28.65,21.04,Unsafe
4.77,57.49,31.27,24.27,42.51,Caution
4.02,66.73,36.63,35.59,33.27,Safe
4.57,69.19,32.82,28.08,30.81,Caution
3.87,61.69,34.93,32.36,38.31,Safe
3.97,65.57,29.31,28.76,34.43,Safe
5.16,80.18,49.13,35.99,19.82,Unsafe
4.18,60.86,33.41,31.44,39.14,Safe
5.37,83.88,42.64,31.26,16.12,Unsafe
4.86,69.56,38.16,31.75,30.44,Caution
6.58,80.0,49.73,32.57,20.0,Unsafe
7.57,83.76,36.46,23.12,16.24,Unsafe
6.82,82.29,36.02,24.03,17.71,Unsafe
4.45,57.66,29.85,23.96,42.34,Caution
4.14,62.93,25.43,23.6,37.07,Safe
4.21,65.26,28.37,27.66,34.74,Safe
4.06,66.68,29.69,29.51,33.32,Safe
6.84,82.88,41.92,31.28,17.12,Unsafe
4.04,63.11,29.95,30.6,36.89,Safe
4.08,65.02,30.84,32.01,34.98,Safe
3.79,67.07,23.03,23.52,32.93,Safe
6.87,82.47,33.17,23.15,17.53,Unsafe
5.49,77.27,36.95,27.88,22.73,Unsafe
3.86,62.24,23.84,24.42,37.76,Safe
4.09,61.42,30.9,28.23,38.58,Safe
4.62,68.76,26.94,23.11,31.24,Caution
4.37,57.78,31.59,25.14,42.22,Caution
4.2,67.68,22.8,22.99,32.32,Safe
4.73,69.42,31.25,24.55,30.58,Caution
3.88,64.21,22.76,23.26,35.79,Safe
6.74,83.08,38.37,29.0,16.92,Unsafe
6.76,74.28,34.96,23.44,25.72,Unsafe
6.16,77.14,49.0,33.18,22.86,Unsafe
5.8,83.72,37.38,27.8,16.28,Unsafe
5.76,83.51,41.85,23.5,16.49,Unsafe
3.79,65.39,31.18,30.82,34.61,Safe
3.91,65.54,32.31,31.92,34.46,Safe
4.03,67.74,35.71,33.28,32.26,Safe
7.55,79.88,32.0,22.93,20.12,Unsafe
4.4,59.94,33.32,26.64,40.06,Caution
4.04,64.3,22.25,23.73,35.7,Safe
4.79,54.42,34.5,29.75,45.58,Caution
6.62,74.06,48.68,33.8,25.94,Unsafe
4.79,59.34,31.8,26.75,40.66,Caution
4.78,56.51,29.12,22.14,43.49,Caution
4.81,69.16,35.21,31.08,30.84,Caution
3.88,65.92,21.63,22.07,34.08,Safe
6.66,77.73,33.91,22.17,22.27,Unsafe
4.09,66.33,24.11,22.84,33.67,Safe
7.27,82.6,42.95,27.7,17.4,Unsafe
4.19,65.57,25.43,23.58,34.43,Safe
4.73,58.98,39.38,33.34,41.02,Caution
6.27,79.91,46.4,30.11,20.09,Unsafe
6.93,44.69,41.35,32.93,55.31,Unsafe
4.0,61.65,30.48,30.67,38.35,Safe
3.85,67.44,28.86,27.69,32.56,Safe
7.02,48.59,48.47,34.0,51.41,Unsafe
3.97,65.32,26.73,27.82,34.68,Safe
6.23,79.16,42.24,32.64,20.84,Unsafe
3.96,60.47,28.22,28.8,39.53,Safe
4.72,58.67,38.99,34.07,41.33,Caution
6.33,78.84,49.26,32.5,21.16,Unsafe
7.73,48.65,40.34,25.36,51.35,Unsafe
6.64,43.03,38.0,22.76,56.97,Unsafe
3.86,66.61,34.04,32.13,33.39,Safe
4.83,54.01,34.85,29.53,45.99,Caution
4.44,54.44,30.52,23.84,45.56,Caution
4.21,61.43,34.15,35.15,38.57,Safe
4.28,72.44,29.11,23.36,27.56,Caution
7.8,80.69,34.56,26.2,19.31,Unsafe
3.81,63.05,33.41,33.09,36.95,Safe
4.56,69.48,39.22,32.61,30.52,Caution
5.82,77.71,34.73,23.51,22.29,Unsafe
4.34,71.97,37.21,32.02,28.03,Caution
4.12,64.54,28.78,27.18,35.46,Safe
4.73,56.54,35.36,30.18,43.46,Caution
3.84,66.32,23.06,23.7,33.68,Safe
5.57,81.81,39.71,26.29,18.19,Unsafe
7.03,41.19,51.82,33.35,58.81,Unsafe
4.08,64.89,27.11,27.84,35.11,Safe
3.86,62.89,29.88,29.6,37.11,Safe
4.13,67.99,25.8,23.65,32.01,Safe
4.87,57.57,39.47,35.69,42.43,Caution
3.94,61.11,22.83,24.17,38.89,Safe
4.12,62.78,36.5,35.3,37.22,Safe
3.99,61.54,31.67,32.86,38.46,Safe
4.03,64.84,27.28,27.13,35.16,Safe
4.77,69.68,36.43,31.41,30.32,Caution
4.16,60.65,27.21,25.46,39.35,Safe
4.74,71.12,42.65,35.58,28.88,Caution
7.7,83.64,45.16,32.13,16.36,Unsafe
4.84,71.47,36.21,32.02,28.53,Caution
7.83,79.54,47.67,29.43,20.46,Unsafe
6.07,83.39,46.57,29.35,16.61,Unsafe
4.01,64.2,31.4,31.72,35.8,Safe
3.85,64.59,23.08,22.6,35.41,Safe
3.89,65.69,33.17,30.97,34.31,Safe
4.11,65.87,29.3,27.48,34.13,Safe
3.95,63.04,31.74,29.16,36.96,Safe
5.17,75.18,44.47,33.8,24.82,Unsafe
4.0,67.2,36.21,34.64,32.8,Safe
3.86,61.73,31.28,29.5,38.27,Safe
4.09,66.82,29.41,30.48,33.18,Safe
3.79,62.39,23.63,25.12,37.61,Safe
4.1,64.74,25.97,23.62,35.26,Safe
4.01,60.4,27.08,24.46,39.6,Safe
3.84,66.69,36.64,35.66,33.31,Safe
4.72,69.96,33.62,30.01,30.04,Caution
7.61,81.36,40.76,25.17,18.64,Unsafe
5.67,76.26,39.03,27.98,23.74,Unsafe
5.97,83.41,40.45,26.25,16.59,Unsafe
6.86,83.0,39.82,27.9,17.0,Unsafe
4.08,63.89,27.74,28.02,36.11,Safe
3.81,66.51,29.05,27.58,33.49,Safe
7.35,44.36,38.74,26.1,55.64,Unsafe
4.38,57.76,27.61,23.04,42.24,Caution
4.17,63.94,34.93,32.26,36.06,Safe
4.61,57.84,27.71,23.74,42.16,Caution
3.91,61.78,35.71,35.91,38.22,Safe
3.94,61.68,30.97,30.9,38.32,Safe
4.81,55.67,33.82,27.06,44.33,Caution
4.16,61.96,27.81,29.12,38.04,Safe
4.5,56.84,34.85,27.32,43.16,Caution
4.09,62.58,36.09,35.42,37.42,Safe
4.1,64.01,26.71,23.96,35.99,Safe
4.74,56.39,34.31,28.61,43.61,Caution
4.15,60.69,27.92,25.76,39.31,Safe
3.79,65.55,36.19,34.16,34.45,Safe
6.42,40.62,47.83,29.29,59.38,Unsafe
3.97,63.93,35.02,35.38,36.07,Safe
4.49,70.9,30.59,25.06,29.1,Caution
4.08,62.16,38.11,35.31,37.84,Safe
4.85,69.9,40.31,35.22,30.1,Caution
4.79,71.72,42.79,35.76,28.28,Caution
7.27,44.76,49.27,30.03,55.24,Unsafe
4.34,59.61,38.11,33.93,40.39,Caution
4.11,61.63,33.78,32.59,38.37,Safe
4.47,55.07,39.15,33.82,44.93,Caution
5.48,42.95,48.99,32.65,57.05,Unsafe
5.06,76.53,50.11,32.46,23.47,Unsafe
4.07,63.17,34.12,34.27,36.83,Safe
7.6,82.02,46.01,33.77,17.98,Unsafe
3.93,64.33,30.21,31.34,35.67,Safe
4.58,69.06,32.52,28.36,30.94,Caution
6.77,40.71,44.98,26.36,59.29,Unsafe
4.21,62.23,28.82,26.6,37.77,Safe
3.93,62.7,21.67,22.41,37.3,Safe
7.5,49.69,42.36,28.86,50.31,Unsafe
4.73,70.8,35.2,29.88,29.2,Caution
6.0,81.2,44.71,32.6,18.8,Unsafe
6.35,82.93,41.37,29.46,17.07,Unsafe
4.1,65.85,23.86,22.03,34.15,Safe
6.45,78.6,43.21,32.68,21.4,Unsafe
4.35,72.15,33.15,27.0,27.85,Caution
4.4,72.27,34.24,30.02,27.73,Caution
4.46,69.12,27.96,22.71,30.88,Caution
3.96,64.5,34.89,34.8,35.5,Safe
3.97,62.93,31.52,29.56,37.07,Safe
4.86,58.11,37.83,33.09,41.89,Caution
7.76,81.17,45.0,29.43,18.83,Unsafe
7.5,41.27,47.55,34.2,58.73,Unsafe
4.01,65.82,25.31,24.5,34.18,Safe
4.59,68.72,28.22,23.44,31.28,Caution
3.83,60.58,36.36,34.78,39.42,Safe
6.02,50.95,35.14,24.55,49.05,Unsafe
4.81,57.46,36.77,29.36,42.54,Caution
4.0,61.38,28.38,26.81,38.62,Safe
4.12,65.19,35.95,33.59,34.81,Safe
3.93,65.86,23.96,24.66,34.14,Safe
4.14,60.57,33.48,31.07,39.43,Safe
3.84,60.57,37.34,35.96,39.43,Safe
3.92,61.12,30.02,27.38,38.88,Safe
6.1,73.27,47.71,28.25,26.73,Unsafe
6.76,74.33,45.26,33.89,25.67,Unsafe
4.77,70.17,29.7,22.47,29.83,Caution
4.84,54.14,34.63,30.17,45.86,Caution
4.76,56.49,38.68,31.62,43.51,Caution
3.82,66.17,25.21,23.08,33.83,Safe
4.19,67.98,24.17,22.96,32.02,Safe
3.78,63.11,24.06,22.74,36.89,Safe
3.8,64.14,29.05,27.91,35.86,Safe
7.69,45.0,36.83,26.05,55.0,Unsafe
4.07,65.13,34.33,33.87,34.87,Safe
3.99,61.51,30.98,29.63,38.49,Safe
6.35,73.63,44.07,25.07,26.37,Unsafe
4.72,59.95,33.3,26.68,40.05,Caution
4.11,64.55,24.14,24.32,35.45,Safe
5.5,80.14,43.74,34.26,19.86,Unsafe
3.93,61.24,34.78,33.28,38.76,Safe
3.83,62.44,29.65,30.31,37.56,Safe
4.83,55.87,30.09,23.07,44.13,Caution
3.82,63.59,30.98,31.26,36.41,Safe
4.39,72.17,41.08,34.77,27.83,Caution
7.17,83.15,35.88,25.88,16.85,Unsafe
4.53,54.38,37.77,32.0,45.62,Caution
4.51,56.82,30.57,25.12,43.18,Caution
4.08,61.65,35.12,33.3,38.35,Safe
3.92,65.75,25.97,24.86,34.25,Safe
4.46,54.03,39.74,34.56,45.97,Caution
4.57,68.63,40.36,34.16,31.37,Caution
3.88,63.08,29.39,28.35,36.92,Safe
4.68,56.61,31.7,24.96,43.39,Caution
4.0,66.82,23.81,22.8,33.18,Safe
3.99,66.72,26.1,23.38,33.28,Safe
4.2,67.41,22.3,23.57,32.59,Safe
3.83,63.98,32.29,30.27,36.02,Safe
7.29,82.75,38.13,23.16,17.25,Unsafe
7.32,74.69,37.39,23.45,25.31,Unsafe
5.45,81.53,33.95,23.5,18.47,Unsafe
4.69,55.88,39.26,35.43,44.12,Caution
6.45,78.94,43.14,31.31,21.06,Unsafe
4.64,71.35,30.0,22.53,28.65,Caution
4.61,68.24,34.01,26.81,31.76,Caution
3.9,66.09,29.4,30.88,33.91,Safe
4.05,66.43,35.21,35.28,33.57,Safe
5.61,77.71,42.84,27.42,22.29,Unsafe
3.87,62.8,31.43,30.72,37.2,Safe
3.91,65.6,24.52,24.32,34.4,Safe
3.93,66.64,32.08,32.63,33.36,Safe
4.2,62.62,35.2,35.11,37.38,Safe
4.83,57.23,31.22,27.23,42.77,Caution
3.79,66.22,32.23,31.14,33.78,Safe
4.15,65.59,31.4,30.35,34.41,Safe
4.09,60.79,26.53,25.92,39.21,Safe
4.42,68.5,41.18,35.95,31.5,Caution
3.92,60.25,34.05,32.52,39.75,Safe
7.84,40.84,49.46,31.48,59.16,Unsafe
5.56,78.19,42.76,32.62,21.81,Unsafe
4.51,59.71,33.86,29.65,40.29,Caution
3.82,60.3,22.35,22.9,39.7,Safe
3.96,64.39,33.57,32.47,35.61,Safe
6.75,76.12,53.53,35.01,23.88,Unsafe
4.88,56.31,29.79,25.9,43.69,Caution
4.21,63.23,21.78,23.25,36.77,Safe
4.04,63.7,30.63,30.04,36.3,Safe
3.88,60.4,24.75,24.09,39.6,Safe
7.82,51.67,40.41,25.43,48.33,Unsafe
4.16,60.69,27.05,24.38,39.31,Safe
5.36,82.13,37.94,26.06,17.87,Unsafe
5.67,74.4,41.08,23.34,25.6,Unsafe
3.97,60.01,25.93,23.74,39.99,Safe
7.29,79.65,35.04,22.34,20.35,Unsafe
4.71,71.71,34.9,27.78,28.29,Caution
6.17,76.88,40.52,27.33,23.12,Unsafe
4.67,56.3,34.5,29.4,43.7,Caution
4.01,66.59,32.27,31.43,33.41,Safe
6.9,83.42,52.06,34.18,16.58,Unsafe
4.04,64.14,34.9,32.17,35.86,Safe
4.08,66.4,28.9,29.5,33.6,Safe
3.8,61.69,24.11,23.34,38.31,Safe
4.04,65.63,22.05,23.41,34.37,Safe
6.8,72.72,43.08,23.83,27.28,Unsafe
4.77,56.46,37.15,32.19,43.54,Caution
3.98,67.24,23.5,22.12,32.76,Safe
5.34,48.5,45.97,30.28,51.5,Unsafe
4.58,57.97,29.42,25.57,42.03,Caution
3.93,62.49,24.73,24.11,37.51,Safe
4.7,59.19,39.24,32.26,40.81,Caution
3.93,66.03,25.86,27.33,33.97,Safe
4.53,71.23,35.16,27.73,28.77,Caution
4.46,71.11,29.67,24.75,28.89,Caution
7.16,76.33,43.97,24.78,23.67,Unsafe
4.51,68.59,28.7,22.29,31.41,Caution
4.12,60.07,24.14,22.28,39.93,Safe
4.12,62.19,38.15,35.71,37.81,Safe
6.21,45.91,47.57,35.61,54.09,Unsafe
6.69,43.96,40.61,23.43,56.04,Unsafe
3.92,65.91,28.02,26.07,34.09,Safe
6.39,76.65,39.56,30.24,23.35,Unsafe
7.8,45.92,36.37,22.93,54.08,Unsafe
6.12,72.98,43.97,34.81,27.02,Unsafe
7.39,45.06,49.85,34.17,54.94,Unsafe
3.97,63.87,21.78,23.02,36.13,Safe
4.56,59.17,28.47,24.38,40.83,Caution
4.5,71.02,30.02,22.37,28.98,Caution
5.91,82.95,38.04,24.27,17.05,Unsafe
4.64,57.47,39.45,31.73,42.53,Caution
4.04,64.89,30.64,29.39,35.11,Safe
5.88,45.58,44.04,33.7,54.42,Unsafe
4.74,72.13,37.33,33.78,27.87,Caution
7.77,79.32,41.82,26.51,20.68,Unsafe
5.42,73.28,39.06,22.78,26.72,Unsafe
6.15,76.49,47.56,34.65,23.51,Unsafe
4.65,71.87,32.84,28.12,28.13,Caution
3.81,66.91,24.88,22.8,33.09,Safe
3.93,60.71,25.98,24.56,39.29,Safe
4.16,64.96,23.22,24.38,35.04,Safe
4.03,63.9,22.91,23.83,36.1,Safe
5.95,83.41,50.42,31.36,16.59,Unsafe
4.17,63.6,31.66,29.76,36.4,Safe
3.94,60.51,29.78,28.42,39.49,Safe
7.46,82.3,31.4,23.2,17.7,Unsafe
4.12,67.83,29.53,27.72,32.17,Safe
4.37,56.06,41.22,34.39,43.94,Caution
4.37,57.22,39.31,34.04,42.78,Caution
3.94,64.44,33.54,32.97,35.56,Safe
7.31,78.19,32.41,23.16,21.81,Unsafe
6.61,74.34,43.73,32.42,25.66,Unsafe
4.32,55.81,36.19,31.1,44.19,Caution
4.0,64.58,23.71,22.86,35.42,Safe
3.9,61.89,24.13,25.2,38.11,Safe
4.0,64.58,31.97,30.62,35.42,Safe
7.69,78.85,39.7,27.7,21.15,Unsafe
6.52,43.41,45.43,30.31,56.59,Unsafe
3.84,64.61,25.18,25.91,35.39,Safe
4.14,65.84,34.96,33.86,34.16,Safe
4.07,67.2,33.05,33.99,32.8,Safe
3.97,62.67,30.76,31.03,37.33,Safe
4.16,61.99,27.6,27.64,38.01,Safe
4.69,70.53,36.68,29.48,29.47,Caution
4.18,62.54,24.56,23.4,37.46,Safe
4.03,60.63,27.85,26.21,39.37,Safe
4.74,68.78,31.3,27.47,31.22,Caution
3.95,67.68,30.08,31.2,32.32,Safe
3.97,67.47,28.07,27.8,32.53,Safe
4.29,70.46,31.59,24.59,29.54,Caution
4.1,64.51,36.64,34.92,35.49,Safe
6.74,49.35,32.94,24.54,50.65,Unsafe
4.04,62.68,34.89,33.1,37.32,Safe
3.99,61.86,22.45,23.37,38.14,Safe
5.12,80.85,45.25,31.06,19.15,Unsafe
3.91,62.11,22.13,22.96,37.89,Safe
4.87,57.7,31.28,25.25,42.3,Caution
4.19,66.64,29.61,31.0,33.36,Safe
4.08,66.88,24.39,24.12,33.12,Safe
5.16,45.04,51.21,34.53,54.96,Unsafe
4.65,56.12,33.87,28.84,43.88,Caution
3.8,63.31,30.67,29.43,36.69,Safe
3.87,66.24,24.63,25.81,33.76,Safe
4.49,69.54,36.3,31.03,30.46,Caution
4.74,72.0,31.66,27.83,28.0,Caution
4.2,63.17,28.58,26.77,36.83,Safe
4.04,64.49,34.25,33.36,35.51,Safe
4.33,72.24,29.6,24.59,27.76,Caution
4.62,58.26,31.37,27.12,41.74,Caution
3.92,62.78,30.58,29.33,37.22,Safe
4.73,56.72,28.24,23.1,43.28,Caution
3.99,60.37,36.47,34.15,39.63,Safe
4.17,67.29,25.43,22.85,32.71,Safe
4.85,68.28,37.41,30.55,31.72,Caution
6.09,83.58,44.52,35.75,16.42,Unsafe
4.2,66.56,33.03,31.96,33.44,Safe
5.99,76.7,40.72,27.22,23.3,Unsafe
5.12,76.14,45.39,32.51,23.86,Unsafe
4.38,59.22,29.32,24.63,40.78,Caution
7.72,78.94,42.03,28.96,21.06,Unsafe
7.56,72.51,45.96,28.35,27.49,Unsafe
4.35,70.6,33.4,28.84,29.4,Caution
3.95,64.42,32.19,29.51,35.58,Safe
6.59,48.88,41.06,30.06,51.12,Unsafe
4.17,63.33,24.55,23.25,36.67,Safe
4.87,71.32,35.44,28.67,28.68,Caution
4.15,66.01,34.8,35.86,33.99,Safe
4.05,61.97,33.02,34.37,38.03,Safe
7.45,77.33,36.97,26.03,22.67,Unsafe
4.61,68.24,37.42,32.59,31.76,Caution
4.81,54.91,30.67,26.97,45.09,Caution
4.1,60.83,33.35,31.2,39.17,Safe
4.06,62.2,33.46,32.72,37.8,Safe
3.83,67.86,23.07,22.13,32.14,Safe
4.52,59.81,35.48,30.68,40.19,Caution
7.13,74.19,39.62,28.16,25.81,Unsafe
4.2,67.59,25.41,23.78,32.41,Safe
4.18,64.92,36.58,35.17,35.08,Safe
7.5,80.77,50.23,31.19,19.23,Unsafe
7.63,49.61,43.99,34.33,50.39,Unsafe
4.78,70.75,29.42,24.63,29.25,Caution
5.27,48.99,46.63,27.35,51.01,Unsafe
3.95,61.3,31.79,32.73,38.7,Safe
3.81,67.45,26.66,25.31,32.55,Safe
3.82,60.77,35.35,35.4,39.23,Safe
6.55,47.75,50.78,35.79,52.25,Unsafe
4.08,66.59,26.04,25.53,33.41,Safe
4.06,62.11,31.43,32.05,37.89,Safe
4.01,62.23,33.22,34.32,37.77,Safe
5.19,42.56,41.23,26.29,57.44,Unsafe
6.26,81.49,39.09,28.12,18.51,Unsafe
3.91,64.98,25.73,24.81,35.02,Safe
4.18,60.9,34.69,35.63,39.1,Safe
4.45,70.28,37.44,33.58,29.72,Caution
4.09,62.99,30.13,29.03,37.01,Safe
6.51,42.63,46.01,27.23,57.37,Unsafe
4.34,56.84,34.47,30.45,43.16,Caution
3.81,66.23,31.59,32.94,33.77,Safe
3.84,61.55,34.54,33.93,38.45,Safe
3.82,63.68,32.11,29.48,36.32,Safe
4.77,55.61,36.75,30.88,44.39,Caution
4.59,69.65,36.57,30.08,30.35,Caution
4.58,56.41,38.3,31.72,43.59,Caution
4.05,61.91,26.38,23.7,38.09,Safe
5.34,79.51,31.52,23.15,20.49,Unsafe
4.14,62.42,33.15,34.56,37.58,Safe
3.85,66.46,29.96,30.84,33.54,Safe
5.41,80.83,37.5,28.01,19.17,Unsafe
4.52,69.22,34.85,27.44,30.78,Caution
4.31,54.63,34.28,30.65,45.37,Caution
3.81,67.06,26.53,27.99,32.94,Safe
4.69,69.82,34.02,29.38,30.18,Caution
4.64,71.91,32.83,26.62,28.09,Caution
4.46,58.63,32.96,28.79,41.37,Caution
4.11,62.39,29.29,27.78,37.61,Safe
3.85,62.37,31.37,29.78,37.63,Safe
3.82,65.29,30.83,29.32,34.71,Safe
4.67,58.99,39.64,32.22,41.01,Caution
7.47,41.94,45.55,31.16,58.06,Unsafe
3.88,60.51,32.3,29.86,39.49,Safe
4.36,55.11,27.44,22.58,44.89,Caution
4.36,71.77,27.33,23.64,28.23,Caution
3.91,66.03,35.22,33.75,33.97,Safe
4.83,57.39,31.39,27.72,42.61,Caution
5.24,77.98,41.9,22.84,22.02,Unsafe
6.79,83.67,39.32,23.37,16.33,Unsafe
4.22,67.81,28.41,29.33,32.19,Safe
4.48,58.94,33.67,29.15,41.06,Caution
3.78,65.98,25.49,25.58,34.02,Safe
7.43,81.91,49.64,33.23,18.09,Unsafe
6.18,75.95,40.09,27.91,24.05,Unsafe
4.0,67.23,23.8,22.69,32.77,Safe
4.04,67.55,30.82,28.59,32.45,Safe
3.98,62.26,34.16,35.36,37.74,Safe
6.48,40.06,53.35,35.4,59.94,Unsafe
4.09,61.24,25.49,25.57,38.76,Safe
5.23,82.16,47.37,31.54,17.84,Unsafe
4.65,71.36,40.69,34.26,28.64,Caution
5.49,80.37,33.79,22.18,19.63,Unsafe
4.3,56.78,33.41,28.08,43.22,Caution
4.78,68.22,28.36,23.97,31.78,Caution
4.46,69.63,31.76,28.04,30.37,Caution
5.81,72.72,50.57,34.74,27.28,Unsafe
4.86,72.22,34.37,27.93,27.78,Caution
3.93,65.43,26.72,28.1,34.57,Safe
4.34,71.18,37.01,30.35,28.82,Caution
6.7,42.52,49.59,35.2,57.48,Unsafe
4.13,65.8,36.73,35.72,34.2,Safe
4.55,68.61,37.81,32.75,31.39,Caution
4.13,62.55,36.57,35.18,37.45,Safe
4.06,67.23,33.33,31.23,32.77,Safe
3.79,61.65,35.02,32.72,38.35,Safe
4.38,58.15,26.08,22.08,41.85,Caution
3.87,67.32,26.5,25.4,32.68,Safe
3.98,66.84,30.31,30.72,33.16,Safe
5.57,76.28,34.15,23.47,23.72,Unsafe
7.72,72.83,44.81,27.89,27.17,Unsafe
3.98,62.68,29.88,28.67,37.32,Safe
4.38,56.3,31.93,27.9,43.7,Caution
6.01,75.08,41.1,22.2,24.92,Unsafe
6.16,82.11,46.27,30.8,17.89,Unsafe
6.35,51.01,39.75,27.17,48.99,Unsafe
4.1,63.28,29.82,29.36,36.72,Safe
4.03,66.46,28.93,27.15,33.54,Safe
3.97,62.93,27.73,25.55,37.07,Safe
6.2,78.09,31.78,22.32,21.91,Unsafe
4.19,62.06,27.96,27.05,37.94,Safe
6.52,79.47,43.43,26.76,20.53,Unsafe
6.11,76.41,34.96,23.92,23.59,Unsafe
5.56,82.85,38.16,26.08,17.15,Unsafe
3.92,63.81,34.64,33.34,36.19,Safe
3.82,65.46,34.99,34.58,34.54,Safe
4.01,66.41,31.44,28.97,33.59,Safe
5.55,80.52,42.81,24.64,19.48,Unsafe
5.78,81.07,41.0,26.24,18.93,Unsafe
4.28,54.49,33.31,27.88,45.51,Caution
4.09,60.32,33.65,31.6,39.68,Safe
4.57,70.2,39.35,33.65,29.8,Caution
3.78,65.37,34.98,35.06,34.63,Safe
4.32,58.85,26.21,22.1,41.15,Caution
4.34,54.41,34.88,30.8,45.59,Caution
4.39,71.62,30.61,24.53,28.38,Caution
4.85,56.27,39.46,33.75,43.73,Caution
3.82,64.95,32.86,31.52,35.05,Safe
5.1,79.81,36.67,24.5,20.19,Unsafe
4.78,68.52,40.65,35.31,31.48,Caution
3.92,66.01,31.19,31.4,33.99,Safe
3.83,67.69,35.93,33.89,32.31,Safe
3.99,65.52,30.86,31.87,34.48,Safe
4.05,67.9,35.2,33.67,32.1,Safe
6.97,78.74,44.24,32.78,21.26,Unsafe
3.83,63.48,35.12,35.48,36.52,Safe
6.01,79.63,31.73,22.91,20.37,Unsafe
4.13,65.83,33.91,31.48,34.17,Safe
4.0,66.11,26.15,24.36,33.89,Safe
6.53,74.15,33.87,22.97,25.85,Unsafe
3.91,67.33,31.03,28.25,32.67,Safe
7.68,77.97,46.99,30.38,22.03,Unsafe
4.02,65.58,27.57,27.61,34.42,Safe
5.39,79.46,40.43,23.7,20.54,Unsafe
4.05,64.88,35.67,35.86,35.12,Safe
3.91,60.9,34.74,35.31,39.1,Safe
4.72,57.85,33.87,27.28,42.15,Caution
4.79,68.72,30.0,22.29,31.28,Caution
4.47,70.05,32.05,25.97,29.95,Caution
5.95,43.91,38.49,26.13,56.09,Unsafe
4.52,59.26,28.79,24.51,40.74,Caution
4.45,56.78,37.37,30.21,43.22,Caution
4.6,68.13,42.27,34.64,31.87,Caution
5.75,73.05,46.02,26.82,26.95,Unsafe
3.88,61.92,31.76,30.57,38.08,Safe
7.69,77.5,38.63,28.27,22.5,Unsafe
6.7,44.34,41.53,32.42,55.66,Unsafe
4.2,65.46,31.76,30.59,34.54,Safe
4.3,69.86,29.69,23.74,30.14,Caution
5.55,77.82,40.84,23.42,22.18,Unsafe
4.7,70.05,37.56,33.01,29.95,Caution
4.53,69.5,30.39,23.05,30.5,Caution
4.4,56.62,37.32,29.74,43.38,Caution
4.12,63.57,27.7,27.87,36.43,Safe
4.07,67.06,27.48,27.01,32.94,Safe
4.51,68.93,40.1,35.72,31.07,Caution
3.82,61.23,34.74,33.17,38.77,Safe
5.51,83.22,45.11,34.68,16.78,Unsafe
4.43,58.88,41.63,34.97,41.12,Caution
4.69,55.57,40.27,35.4,44.43,Caution
4.7,70.53,34.62,28.85,29.47,Caution
7.45,83.38,45.91,33.25,16.62,Unsafe
4.21,61.77,32.89,30.43,38.23,Safe
4.05,66.58,31.02,32.18,33.42,Safe
3.82,64.08,25.89,24.88,35.92,Safe
6.91,72.6,42.42,33.03,27.4,Unsafe
5.35,73.33,46.96,33.11,26.67,Unsafe
3.96,65.94,28.56,26.69,34.06,Safe
4.07,63.76,31.22,28.93,36.24,Safe
4.02,67.41,26.74,25.86,32.59,Safe
4.14,65.76,23.15,23.66,34.24,Safe
4.14,67.05,36.8,34.1,32.95,Safe
4.1,66.55,34.68,34.68,33.45,Safe
6.26,83.31,42.82,25.43,16.69,Unsafe
3.93,60.48,33.03,32.88,39.52,Safe
4.11,62.39,27.04,24.28,37.61,Safe
4.4,68.46,33.57,25.79,31.54,Caution
5.26,76.2,47.91,31.8,23.8,Unsafe
4.66,71.01,38.39,34.64,28.99,Caution
3.91,60.28,37.38,35.45,39.72,Safe
5.63,78.29,50.53,33.35,21.71,Unsafe
3.98,65.38,23.0,22.19,34.62,Safe
6.24,73.32,49.91,33.48,26.68,Unsafe
4.64,58.74,28.63,24.69,41.26,Caution
4.07,63.89,31.11,31.44,36.11,Safe
4.84,57.02,26.93,23.1,42.98,Caution
4.15,62.11,31.37,29.3,37.89,Safe
4.41,68.88,40.46,33.42,31.12,Caution
4.81,58.2,37.06,32.32,41.8,Caution
4.01,60.93,24.01,24.1,39.07,Safe
3.94,62.44,34.78,34.29,37.56,Safe
4.21,61.05,34.48,32.28,38.95,Safe
4.55,54.03,33.12,28.99,45.97,Caution
4.02,60.49,26.4,26.13,39.51,Safe
6.43,78.33,47.52,32.56,21.67,Unsafe
4.11,64.75,27.51,26.38,35.25,Safe
6.47,81.82,43.06,31.33,18.18,Unsafe
4.74,54.57,40.82,35.11,45.43,Caution
4.01,63.65,33.77,33.32,36.35,Safe
4.42,69.41,35.88,30.84,30.59,Caution
4.17,61.41,34.04,34.79,38.59,Safe
4.79,69.25,37.71,30.84,30.75,Caution
3.84,63.63,25.68,23.36,36.37,Safe
4.16,61.5,21.82,22.88,38.5,Safe
4.14,63.86,24.65,22.05,36.14,Safe
4.19,62.19,30.28,31.1,37.81,Safe
3.81,64.32,30.9,30.3,35.68,Safe
3.78,61.09,22.79,22.75,38.91,Safe
4.01,65.67,28.77,26.71,34.33,Safe
4.32,59.45,34.31,30.51,40.55,Caution
3.86,60.32,27.43,28.5,39.68,Safe
4.12,65.77,26.81,26.79,34.23,Safe
4.62,56.29,29.33,22.92,43.71,Caution
6.64,74.72,46.06,31.65,25.28,Unsafe
4.06,61.43,28.94,29.37,38.57,Safe
5.65,82.35,40.21,29.84,17.65,Unsafe
5.44,83.39,44.02,34.76,16.61,Unsafe
3.9,61.15,29.19,30.53,38.85,Safe
6.87,73.93,45.96,32.03,26.07,Unsafe
3.78,63.09,24.55,25.59,36.91,Safe
4.8,55.11,33.37,25.71,44.89,Caution
4.02,60.1,35.5,35.66,39.9,Safe
4.34,56.98,32.7,25.9,43.02,Caution
4.03,63.48,32.3,33.48,36.52,Safe
4.33,59.6,39.91,33.35,40.4,Caution
4.55,71.32,37.31,29.91,28.68,Caution
4.11,60.92,25.46,24.35,39.08,Safe
7.55,77.8,37.96,26.52,22.2,Unsafe
4.12,67.04,35.94,34.31,32.96,Safe
4.07,64.87,28.27,25.74,35.13,Safe
3.84,63.13,29.43,28.64,36.87,Safe
4.78,69.33,39.9,35.87,30.67,Caution
5.15,48.74,45.64,28.83,51.26,Unsafe
4.44,69.86,39.85,33.24,30.14,Caution
6.97,78.64,44.25,35.5,21.36,Unsafe
3.92,63.53,24.39,24.7,36.47,Safe
4.67,70.83,26.95,22.15,29.17,Caution
6.74,45.4,40.95,25.62,54.6,Unsafe
4.2,63.09,28.93,26.49,36.91,Safe
3.79,67.43,21.9,22.01,32.57,Safe
4.21,61.95,27.92,25.83,38.05,Safe
4.09,62.27,25.57,26.46,37.73,Safe
4.45,72.02,32.28,27.77,27.98,Caution
3.86,60.98,27.23,27.02,39.02,Safe
4.08,65.96,26.77,25.84,34.04,Safe
3.86,67.67,22.39,22.78,32.33,Safe
3.8,61.13,32.59,30.11,38.87,Safe
4.06,60.25,26.72,27.61,39.75,Safe
6.31,82.98,50.9,33.52,17.02,Unsafe
4.57,69.25,37.97,33.1,30.75,Caution
4.16,65.98,27.79,26.27,34.02,Safe
3.88,67.24,24.2,22.99,32.76,Safe
4.65,54.34,37.37,32.11,45.66,Caution
4.36,57.08,39.44,33.89,42.92,Caution
4.01,60.07,35.01,35.9,39.93,Safe
4.14,62.65,26.19,23.8,37.35,Safe
4.38,69.35,30.42,23.25,30.65,Caution
3.95,62.98,33.06,33.41,37.02,Safe
5.67,76.67,35.46,24.07,23.33,Unsafe
3.94,67.16,31.51,29.61,32.84,Safe
4.47,56.24,33.52,29.87,43.76,Caution
4.46,54.74,38.27,32.35,45.26,Caution
4.0,61.93,32.99,34.17,38.07,Safe
5.31,82.05,44.92,30.53,17.95,Unsafe
6.52,78.24,45.98,28.88,21.76,Unsafe
7.55,81.78,46.87,34.93,18.22,Unsafe
7.15,83.34,48.36,30.65,16.66,Unsafe
4.86,56.68,39.86,32.54,43.32,Caution
4.14,62.87,24.26,22.74,37.13,Safe
4.7,56.88,37.27,32.31,43.12,Caution
4.53,69.49,33.48,27.97,30.51,Caution
4.74,71.56,41.05,34.53,28.44,Caution
4.46,59.93,38.62,31.46,40.07,Caution
7.64,75.82,46.79,33.57,24.18,Unsafe
6.98,72.96,42.0,31.11,27.04,Unsafe
4.5,68.64,29.34,23.02,31.36,Caution
4.13,62.76,24.12,25.55,37.24,Safe
4.4,70.61,37.27,33.66,29.39,Caution
4.83,58.97,41.63,33.95,41.03,Caution
5.49,77.97,44.95,26.08,22.03,Unsafe
3.88,65.35,32.83,34.03,34.65,Safe
4.1,67.75,34.73,32.5,32.25,Safe
4.43,69.6,34.63,27.82,30.4,Caution
3.88,60.26,35.64,33.8,39.74,Safe
4.45,54.93,37.38,31.83,45.07,Caution
4.21,60.79,33.61,32.21,39.21,Safe
3.9,62.56,22.81,23.08,37.44,Safe
6.34,50.16,40.34,26.94,49.84,Unsafe
6.65,78.86,40.38,25.23,21.14,Unsafe
4.39,69.32,30.18,26.4,30.68,Caution
4.77,58.24,40.48,35.92,41.76,Caution
4.18,62.63,26.81,24.14,37.37,Safe
4.63,57.84,32.81,26.69,42.16,Caution
3.8,66.3,34.6,35.94,33.7,Safe
4.72,59.67,30.42,23.13,40.33,Caution
6.32,80.26,46.36,35.81,19.74,Unsafe
4.85,69.09,31.82,24.55,30.91,Caution
4.35,59.21,41.07,33.84,40.79,Caution
6.93,46.78,45.48,30.21,53.22,Unsafe
4.2,60.73,28.83,27.61,39.27,Safe
4.67,58.45,31.61,24.59,41.55,Caution
4.65,58.18,34.64,29.79,41.82,Caution
3.88,63.77,34.29,34.18,36.23,Safe
3.96,64.56,23.28,23.92,35.44,Safe
4.64,71.88,28.14,23.44,28.12,Caution
4.22,64.24,31.65,32.9,35.76,Safe
4.2,61.59,32.86,31.12,38.41,Safe
4.33,71.48,34.62,30.71,28.52,Caution
4.13,64.32,35.68,33.82,35.68,Safe
4.05,65.89,30.47,31.13,34.11,Safe
4.03,66.72,24.04,25.33,33.28,Safe
4.72,55.34,28.99,24.87,44.66,Caution
3.91,63.94,26.43,27.33,36.06,Safe
4.66,59.5,38.87,34.19,40.5,Caution
5.27,72.5,50.13,31.34,27.5,Unsafe
4.7,71.47,37.12,33.23,28.53,Caution
4.82,58.52,37.53,33.63,41.48,Caution
3.86,67.08,24.12,23.28,32.92,Safe
4.53,56.37,39.56,33.2,43.63,Caution
3.89,63.26,35.99,35.02,36.74,Safe
4.3,68.44,41.25,35.89,31.56,Caution
7.57,45.86,39.06,27.79,54.14,Unsafe
4.21,64.43,30.04,29.36,35.57,Safe
4.85,68.67,32.5,28.7,31.33,Caution
4.12,62.59,24.26,25.45,37.41,Safe
6.21,75.17,43.27,33.06,24.83,Unsafe
4.46,57.07,38.73,32.58,42.93,Caution
5.14,78.01,49.92,34.9,21.99,Unsafe
3.98,66.33,35.98,33.19,33.67,Safe
4.0,63.35,26.04,24.56,36.65,Safe
6.42,83.34,48.43,32.19,16.66,Unsafe
3.93,67.45,24.02,22.35,32.55,Safe
3.84,65.24,28.74,28.82,34.76,Safe
3.86,66.09,32.7,30.44,33.91,Safe
4.01,66.26,26.89,24.29,33.74,Safe
5.17,76.41,51.59,34.68,23.59,Unsafe
6.31,72.97,36.94,25.34,27.03,Unsafe
4.31,71.6,35.8,31.75,28.4,Caution
5.36,49.33,48.06,30.14,50.67,Unsafe
3.92,63.61,27.95,28.85,36.39,Safe
3.87,61.02,33.54,30.85,38.98,Safe
7.37,75.09,38.22,30.05,24.91,Unsafe
4.53,69.5,27.71,22.33,30.5,Caution
4.15,62.59,34.49,32.04,37.41,Safe
4.63,59.55,29.23,24.01,40.45,Caution
6.98,41.91,46.71,33.69,58.09,Unsafe
6.59,76.92,33.29,22.71,23.08,Unsafe
4.16,61.19,29.84,28.42,38.81,Safe
4.44,56.78,34.84,29.96,43.22,Caution
3.86,65.7,26.34,24.1,34.3,Safe
4.09,63.34,31.03,30.06,36.66,Safe
4.18,64.51,25.52,23.04,35.49,Safe
4.56,59.63,39.79,34.5,40.37,Caution
4.42,56.87,32.59,24.87,43.13,Caution
6.58,80.38,41.7,29.85,19.62,Unsafe
5.11,40.82,40.85,29.43,59.18,Unsafe
5.45,83.69,34.81,24.46,16.31,Unsafe
3.82,63.84,27.42,26.14,36.16,Safe
5.76,83.67,38.64,22.61,16.33,Unsafe
5.11,73.23,42.94,31.73,26.77,Unsafe
4.06,60.35,31.24,31.21,39.65,Safe
5.05,82.65,38.4,28.42,17.35,Unsafe
4.18,66.37,26.97,25.5,33.63,Safe
5.91,83.74,40.35,25.85,16.26,Unsafe
3.93,65.46,30.52,29.93,34.54,Safe
4.65,55.71,35.24,29.27,44.29,Caution
4.43,58.01,26.84,22.83,41.99,Caution
4.02,63.95,28.73,25.98,36.05,Safe
4.28,59.74,32.11,28.49,40.26,Caution
6.08,48.24,37.38,23.7,51.76,Unsafe
4.05,66.05,30.75,29.49,33.95,Safe
7.38,82.1,43.59,28.3,17.9,Unsafe
4.52,68.46,34.33,28.22,31.54,Caution
4.18,65.53,28.29,27.61,34.47,Safe
4.34,59.29,32.57,27.0,40.71,Caution
4.43,54.86,34.71,31.02,45.14,Caution
7.06,83.39,40.4,31.55,16.61,Unsafe
4.34,55.81,35.58,27.92,44.19,Caution
3.92,63.43,29.99,29.92,36.57,Safe
7.12,41.82,44.01,34.5,58.18,Unsafe
4.18,64.44,27.92,25.85,35.56,Safe
4.08,62.38,30.72,28.76,37.62,Safe
7.84,78.98,49.0,31.66,21.02,Unsafe
3.88,63.9,28.81,28.77,36.1,Safe
4.72,56.12,41.87,34.1,43.88,Caution
5.46,82.56,40.54,23.28,17.44,Unsafe
4.05,62.22,23.96,23.15,37.78,Safe
6.92,81.96,50.35,35.73,18.04,Unsafe
3.86,67.3,29.21,29.36,32.7,Safe
6.67,79.88,39.38,25.7,20.12,Unsafe
7.27,74.15,45.25,28.29,25.85,Unsafe
4.22,64.73,34.6,34.0,35.27,Safe
3.9,67.47,22.45,23.03,32.53,Safe
4.11,60.91,27.86,28.19,39.09,Safe
4.07,65.77,34.34,35.18,34.23,Safe
6.58,83.03,43.39,33.56,16.97,Unsafe
4.05,64.17,30.11,27.38,35.83,Safe
5.57,77.8,46.42,28.24,22.2,Unsafe
3.85,67.16,30.22,30.22,32.84,Safe
5.96,72.77,42.14,30.48,27.23,Unsafe
4.82,69.05,33.96,30.25,30.95,Caution
4.04,62.33,22.48,22.04,37.67,Safe
4.44,56.54,34.47,29.27,43.46,Caution
4.13,64.05,21.32,22.56,35.95,Safe
4.65,54.27,40.37,35.37,45.73,Caution
3.83,63.4,34.32,32.51,36.6,Safe
4.03,61.52,24.03,22.49,38.48,Safe
4.3,70.68,27.12,22.9,29.32,Caution
3.99,67.74,30.24,31.63,32.26,Safe
3.83,60.24,30.3,29.07,39.76,Safe
4.01,67.48,28.88,27.87,32.52,Safe
5.87,43.34,48.32,35.05,56.66,Unsafe
4.07,63.72,29.01,28.02,36.28,Safe
4.63,71.39,35.44,30.13,28.61,Caution
7.67,74.77,36.05,24.11,25.23,Unsafe
4.19,65.61,33.54,32.19,34.39,Safe
4.02,61.9,30.2,30.58,38.1,Safe
6.54,76.05,36.72,27.77,23.95,Unsafe
4.09,61.1,32.05,29.54,38.9,Safe
4.59,69.44,32.27,26.71,30.56,Caution
6.17,42.82,42.25,26.11,57.18,Unsafe
5.41,49.37,35.97,27.75,50.63,Unsafe
6.11,42.49,46.48,30.41,57.51,Unsafe
7.28,42.25,40.54,29.32,57.75,Unsafe
4.85,59.63,41.39,35.13,40.37,Caution
5.16,43.96,41.62,27.0,56.04,Unsafe
6.29,76.92,39.37,23.15,23.08,Unsafe
6.59,81.51,45.12,33.86,18.49,Unsafe
3.79,62.51,34.24,35.27,37.49,Safe
4.66,69.62,36.07,32.19,30.38,Caution
3.8,67.46,24.04,24.15,32.54,Safe
4.52,69.28,32.88,27.48,30.72,Caution
7.61,49.44,45.87,34.21,50.56,Unsafe
4.72,58.41,28.12,23.31,41.59,Caution
3.92,61.98,33.48,31.17,38.02,Safe
4.7,71.24,28.75,23.86,28.76,Caution
3.97,60.23,25.83,24.58,39.77,Safe
3.86,64.01,34.92,34.13,35.99,Safe
3.85,60.73,26.08,27.2,39.27,Safe
4.29,72.11,34.03,29.76,27.89,Caution
7.85,44.42,43.57,24.44,55.58,Unsafe
3.86,60.96,24.54,25.52,39.04,Safe
3.99,63.49,23.82,22.22,36.51,Safe
7.83,74.55,33.95,23.36,25.45,Unsafe
4.43,71.28,30.1,24.72,28.72,Caution
4.76,71.51,27.69,22.76,28.49,Caution
3.83,64.24,21.57,22.06,35.76,Safe
4.06,63.39,32.36,31.6,36.61,Safe
4.86,57.97,37.31,32.57,42.03,Caution
6.33,78.83,34.46,23.77,21.17,Unsafe
6.6,81.22,39.31,24.07,18.78,Unsafe
4.76,70.86,28.91,23.35,29.14,Caution
4.48,58.81,37.73,33.82,41.19,Caution
4.56,56.24,34.77,29.13,43.76,Caution
3.87,65.63,26.43,25.68,34.37,Safe
6.54,80.26,52.28,33.0,19.74,Unsafe
4.06,67.85,27.99,27.47,32.15,Safe
3.94,63.5,30.52,31.29,36.5,Safe
4.8,57.21,38.56,32.46,42.79,Caution
5.92,80.48,42.18,22.94,19.52,Unsafe
4.58,68.54,31.49,26.09,31.46,Caution
4.57,69.83,30.01,25.25,30.17,Caution
3.95,64.69,32.94,32.92,35.31,Safe
3.91,64.29,28.81,29.88,35.71,Safe
6.52,73.38,50.14,33.69,26.62,Unsafe
3.94,66.41,24.29,23.05,33.59,Safe
5.07,51.45,46.01,29.93,48.55,Unsafe
5.52,80.71,44.16,28.08,19.29,Unsafe
3.81,67.15,33.07,30.87,32.85,Safe
4.15,63.59,27.11,26.31,36.41,Safe
5.81,78.41,36.68,25.52,21.59,Unsafe
4.33,69.43,39.94,34.9,30.57,Caution
3.98,62.88,28.9,30.07,37.12,Safe
4.18,62.78,28.05,25.98,37.22,Safe
4.76,70.25,37.57,32.73,29.75,Caution
3.86,60.16,26.99,25.81,39.84,Safe
4.14,66.1,23.4,23.79,33.9,Safe
4.2,60.01,36.02,33.75,39.99,Safe
4.1,62.74,30.88,31.24,37.26,Safe
4.15,64.39,22.71,23.11,35.61,Safe
5.56,41.31,49.73,32.39,58.69,Unsafe
3.98,60.94,38.32,35.89,39.06,Safe
4.3,56.58,40.94,33.59,43.42,Caution
4.52,71.0,30.11,24.51,29.0,Caution
4.14,60.92,26.25,26.46,39.08,Safe
3.8,66.83,27.12,27.34,33.17,Safe
4.67,55.76,37.55,30.43,44.24,Caution
5.68,83.17,41.38,26.91,16.83,Unsafe
4.34,57.72,29.51,25.73,42.28,Caution
3.96,67.48,32.2,29.7,32.52,Safe
3.86,60.31,34.02,32.73,39.69,Safe
6.68,80.83,43.7,26.5,19.17,Unsafe
4.08,62.45,22.75,23.3,37.55,Safe
5.25,74.88,50.71,34.49,25.12,Unsafe
6.09,79.27,38.75,23.96,20.73,Unsafe
4.11,66.66,32.79,32.66,33.34,Safe
4.17,63.63,33.2,31.31,36.37,Safe
4.8,71.53,34.78,27.09,28.47,Caution
3.88,63.61,30.69,28.12,36.39,Safe
4.13,64.07,36.22,34.98,35.93,Safe
6.02,41.77,38.59,29.83,58.23,Unsafe
4.81,55.96,34.08,27.82,44.04,Caution
6.79,47.19,40.34,30.66,52.81,Unsafe
4.11,67.23,35.07,35.26,32.77,Safe
3.79,61.67,24.0,23.56,38.33,Safe
4.85,55.88,33.46,26.27,44.12,Caution
4.03,66.34,24.82,24.04,33.66,Safe
5.33,49.64,39.08,23.16,50.36,Unsafe
3.94,65.74,24.26,24.96,34.26,Safe
6.29,81.01,46.06,33.68,18.99,Unsafe
4.07,61.4,25.77,24.79,38.6,Safe
4.41,69.59,31.31,26.81,30.41,Caution
6.11,80.23,45.74,27.33,19.77,Unsafe
4.67,70.08,36.51,29.08,29.92,Caution
4.69,70.97,30.97,25.37,29.03,Caution
4.2,61.66,28.49,27.69,38.34,Safe
4.12,63.54,32.32,32.75,36.46,Safe
4.64,54.92,38.23,31.2,45.08,Caution
3.92,65.3,23.32,23.93,34.7,Safe
7.27,51.18,49.87,30.91,48.82,Unsafe
4.85,58.39,41.9,35.58,41.61,Caution
4.67,69.28,37.68,32.92,30.72,Caution
3.95,62.29,34.64,32.31,37.71,Safe
3.83,65.11,32.78,32.49,34.89,Safe
4.3,56.52,34.22,28.22,43.48,Caution
3.79,64.32,24.38,25.53,35.68,Safe
6.49,51.91,42.69,26.51,48.09,Unsafe
7.2,41.67,43.54,27.93,58.33,Unsafe
4.16,60.09,27.76,28.64,39.91,Safe
4.75,58.01,32.22,24.81,41.99,Caution
7.4,72.69,46.3,35.98,27.31,Unsafe
4.47,69.67,26.69,22.42,30.33,Caution
3.83,63.57,21.09,22.17,36.43,Safe
7.72,47.68,41.65,27.83,52.32,Unsafe
4.48,69.03,34.99,27.27,30.97,Caution
3.88,65.66,29.89,27.77,34.34,Safe
3.82,64.83,28.3,29.8,35.17,Safe
4.64,68.45,43.31,35.73,31.55,Caution
3.82,65.35,34.3,33.58,34.65,Safe
7.15,79.57,48.47,30.49,20.43,Unsafe
5.15,74.13,42.64,31.15,25.87,Unsafe
3.99,64.57,23.63,23.62,35.43,Safe
7.5,41.73,41.23,26.63,58.27,Unsafe
4.54,59.08,35.67,30.61,40.92,Caution
3.95,64.42,31.53,32.63,35.58,Safe
6.01,83.86,54.19,35.71,16.14,Unsafe
4.3,72.47,36.05,29.94,27.53,Caution
6.36,48.28,38.62,24.22,51.72,Unsafe
3.79,60.84,28.99,29.01,39.16,Safe
5.6,77.89,44.64,27.63,22.11,Unsafe
4.39,70.08,36.21,31.86,29.92,Caution
4.53,56.42,37.73,31.08,43.58,Caution
4.21,60.8,35.54,32.74,39.2,Safe
4.19,64.57,24.07,25.0,35.43,Safe
4.1,60.91,29.95,28.62,39.09,Safe
5.78,72.79,41.68,33.46,27.21,Unsafe
5.26,48.25,38.08,28.28,51.75,Unsafe
4.18,61.68,35.35,33.15,38.32,Safe
3.81,66.12,24.69,23.76,33.88,Safe
4.15,67.86,22.51,23.96,32.14,Safe
4.55,57.76,31.24,23.79,42.24,Caution
4.3,56.34,35.5,30.6,43.66,Caution
3.84,63.07,31.69,31.71,36.93,Safe
4.85,56.14,27.49,22.64,43.86,Caution
7.01,81.2,48.61,30.15,18.8,Unsafe
3.92,62.88,22.01,23.49,37.12,Safe
4.53,58.98,38.89,32.11,41.02,Caution
4.31,55.98,36.44,31.31,44.02,Caution
3.8,64.58,25.47,24.26,35.42,Safe
5.62,74.95,44.77,26.39,25.05,Unsafe
4.51,56.26,35.46,28.03,43.74,Caution
3.86,61.28,35.32,35.77,38.72,Safe
3.81,66.89,35.64,33.67,33.11,Safe
7.47,74.86,42.52,27.92,25.14,Unsafe
3.95,62.79,31.32,31.0,37.21,Safe
4.01,63.99,33.32,32.68,36.01,Safe
4.59,55.19,36.06,29.74,44.81,Caution
5.39,47.37,44.16,31.97,52.63,Unsafe
5.22,72.57,49.43,31.47,27.43,Unsafe
4.41,56.04,34.67,30.65,43.96,Caution
6.8,77.44,34.09,22.14,22.56,Unsafe
4.1,62.54,34.72,33.21,37.46,Safe
4.09,61.01,36.52,35.64,38.99,Safe
4.67,55.8,36.51,30.93,44.2,Caution
6.39,76.96,38.15,24.64,23.04,Unsafe
4.02,64.8,24.74,25.88,35.2,Safe
3.79,61.55,32.61,33.13,38.45,Safe
7.42,77.99,41.34,25.43,22.01,Unsafe
3.95,60.54,26.27,26.19,39.46,Safe
4.13,65.97,34.12,33.55,34.03,Safe
6.66,80.51,39.76,29.05,19.49,Unsafe
6.86,78.7,42.57,23.93,21.3,Unsafe
4.16,66.12,31.67,30.18,33.88,Safe
4.06,64.87,33.92,33.81,35.13,Safe
4.17,60.7,33.72,32.31,39.3,Safe
4.11,67.63,25.16,25.65,32.37,Safe
6.82,81.7,44.74,27.85,18.3,Unsafe
4.63,72.4,29.48,23.71,27.6,Caution
4.0,63.29,33.38,33.86,36.71,Safe
7.63,83.49,42.08,29.46,16.51,Unsafe
4.12,64.61,33.28,31.86,35.39,Safe
3.9,64.84,24.38,23.5,35.16,Safe
4.59,71.24,38.97,33.37,28.76,Caution
4.83,71.48,29.85,23.2,28.52,Caution
3.82,62.47,30.85,29.72,37.53,Safe
4.04,64.37,24.51,23.59,35.63,Safe
4.5,69.69,32.94,29.07,30.31,Caution
3.97,62.23,25.09,24.66,37.77,Safe
4.68,69.21,31.86,27.95,30.79,Caution
3.96,67.41,31.0,32.04,32.59,Safe
7.45,77.04,46.5,32.32,22.96,Unsafe
5.1,50.18,39.82,24.72,49.82,Unsafe
3.89,65.1,28.26,28.65,34.9,Safe
3.85,66.12,34.27,34.49,33.88,Safe
4.69,70.96,34.73,29.13,29.04,Caution
4.14,64.18,28.14,26.0,35.82,Safe
3.95,65.64,33.32,32.53,34.36,Safe
3.97,61.54,34.55,32.59,38.46,Safe
7.4,43.24,42.76,24.81,56.76,Unsafe
6.18,44.24,40.27,29.58,55.76,Unsafe
6.91,76.44,43.18,28.82,23.56,Unsafe
4.21,65.2,28.22,26.83,34.8,Safe
4.72,68.35,33.42,28.08,31.65,Caution
4.14,65.01,36.36,35.7,34.99,Safe
6.2,80.32,45.97,34.16,19.68,Unsafe
4.3,71.06,34.92,31.09,28.94,Caution
3.88,62.32,30.56,31.86,37.68,Safe
4.3,55.22,40.91,34.9,44.78,Caution
4.14,63.69,27.38,27.57,36.31,Safe
4.62,57.8,35.85,30.5,42.2,Caution
4.44,57.5,29.79,24.49,42.5,Caution
4.36,59.07,41.44,34.0,40.93,Caution
3.78,66.87,26.44,24.07,33.13,Safe
3.92,66.78,31.22,31.3,33.22,Safe
3.95,65.46,36.57,34.17,34.54,Safe
4.2,66.29,30.42,31.51,33.71,Safe
3.98,64.88,33.89,34.34,35.12,Safe
4.67,57.61,34.81,27.77,42.39,Caution
7.46,77.84,42.07,29.5,22.16,Unsafe
4.15,60.74,33.52,31.05,39.26,Safe
7.23,42.6,34.11,22.48,57.4,Unsafe
4.82,72.09,28.48,22.36,27.91,Caution
4.62,69.95,31.36,27.74,30.05,Caution
4.11,62.53,33.19,31.96,37.47,Safe
4.65,72.34,40.09,34.32,27.66,Caution
3.86,66.64,38.13,35.9,33.36,Safe
3.84,63.1,31.74,30.1,36.9,Safe
4.02,61.0,26.74,25.51,39.0,Safe
3.91,66.81,26.26,26.64,33.19,Safe
3.89,63.1,29.53,30.05,36.9,Safe
6.72,76.95,47.28,27.99,23.05,Unsafe
4.22,63.06,31.35,31.04,36.94,Safe
4.05,61.02,26.19,24.39,38.98,Safe
4.46,55.66,38.37,34.16,44.34,Caution
3.99,61.23,28.17,27.32,38.77,Safe
4.02,60.06,33.74,33.83,39.94,Safe
3.83,62.54,32.38,29.8,37.46,Safe
4.08,62.28,36.71,34.74,37.72,Safe
5.32,82.7,34.2,25.16,17.3,Unsafe
4.72,59.9,28.53,23.75,40.1,Caution
5.25,43.31,42.32,24.71,56.69,Unsafe
4.33,58.6,37.52,29.74,41.4,Caution
4.4,54.22,38.18,32.94,45.78,Caution
4.85,55.8,34.94,29.62,44.2,Caution
4.08,65.68,29.02,28.56,34.32,Safe
7.1,75.52,32.92,23.08,24.48,Unsafe
3.98,64.4,37.83,35.05,35.6,Safe
3.89,61.15,22.95,22.23,38.85,Safe
4.46,54.86,41.33,34.67,45.14,Caution
3.98,67.17,29.58,30.0,32.83,Safe
4.13,64.54,26.28,24.61,35.46,Safe
4.39,71.91,32.56,27.34,28.09,Caution
7.53,44.33,49.45,33.66,55.67,Unsafe
4.19,65.32,25.33,24.08,34.68,Safe
7.25,47.32,41.03,24.19,52.68,Unsafe
3.83,64.03,33.6,32.89,35.97,Safe
4.41,72.24,34.43,27.0,27.76,Caution
4.17,62.57,29.93,30.09,37.43,Safe
4.11,63.59,27.95,28.22,36.41,Safe
6.56,83.78,46.72,35.81,16.22,Unsafe
7.07,41.62,53.78,35.11,58.38,Unsafe
4.15,61.04,28.11,29.32,38.96,Safe
4.57,54.08,40.47,35.86,45.92,Caution
3.94,66.43,23.25,22.37,33.57,Safe
4.06,63.39,27.87,26.84,36.61,Safe
4.63,55.29,38.62,32.93,44.71,Caution
5.13,79.99,35.02,23.67,20.01,Unsafe
4.46,59.5,32.68,25.9,40.5,Caution
4.68,71.19,34.55,30.42,28.81,Caution
6.76,49.02,41.85,23.23,50.98,Unsafe
4.0,67.88,36.8,34.56,32.12,Safe
7.79,82.64,36.99,27.22,17.36,Unsafe
4.47,70.22,38.19,30.89,29.78,Caution
4.86,68.49,39.59,35.81,31.51,Caution
4.37,71.48,27.1,23.51,28.52,Caution
4.0,60.64,35.85,35.2,39.36,Safe
5.25,76.41,47.87,32.35,23.59,Unsafe
3.93,67.21,37.21,34.43,32.79,Safe
4.19,66.36,26.44,26.44,33.64,Safe
3.79,63.18,35.16,34.3,36.82,Safe
4.72,58.93,39.22,34.96,41.07,Caution
3.87,65.26,31.35,30.96,34.74,Safe
4.68,69.84,40.68,35.63,30.16,Caution
4.07,62.78,32.09,31.27,37.22,Safe
4.14,65.93,24.04,24.63,34.07,Safe
6.45,81.19,42.16,24.14,18.81,Unsafe
4.16,63.52,32.5,30.26,36.48,Safe
4.28,68.41,31.9,26.5,31.59,Caution
6.59,78.1,45.24,26.25,21.9,Unsafe
7.21,72.86,41.77,30.39,27.14,Unsafe
4.57,68.73,40.67,35.87,31.27,Caution
4.51,68.42,33.94,28.49,31.58,Caution
4.36,69.42,35.93,31.57,30.58,Caution
5.46,82.73,52.62,35.77,17.27,Unsafe
7.34,72.95,34.28,24.48,27.05,Unsafe
7.4,78.14,49.88,33.67,21.86,Unsafe
5.74,47.71,39.5,23.14,52.29,Unsafe
4.88,72.24,34.52,27.19,27.76,Caution
4.02,66.94,33.76,33.46,33.06,Safe
3.88,65.44,27.75,28.68,34.56,Safe
4.16,61.02,37.63,34.86,38.98,Safe
3.96,63.11,35.58,35.96,36.89,Safe
3.99,63.9,32.48,31.33,36.1,Safe
3.96,65.61,31.45,30.8,34.39,Safe
4.18,61.18,32.35,32.68,38.82,Safe
4.04,62.7,27.7,26.07,37.3,Safe
4.12,63.68,21.61,22.68,36.32,Safe
4.88,71.96,42.88,35.18,28.04,Caution
5.43,74.29,37.81,29.06,25.71,Unsafe
4.35,59.22,39.07,33.47,40.78,Caution
4.03,65.48,37.1,35.85,34.52,Safe
4.81,54.44,41.29,34.94,45.56,Caution
3.95,66.33,34.96,35.13,33.67,Safe
6.74,76.82,38.65,27.15,23.18,Unsafe
4.17,65.95,34.49,33.63,34.05,Safe
3.89,64.47,33.95,33.5,35.53,Safe
4.88,59.84,34.31,26.69,40.16,Caution
3.99,61.62,27.79,28.19,38.38,Safe
4.21,66.89,36.73,35.95,33.11,Safe
3.96,62.7,23.62,24.34,37.3,Safe
4.14,65.91,34.76,33.38,34.09,Safe
6.58,75.08,39.86,27.51,24.92,Unsafe
4.41,54.21,38.67,31.05,45.79,Caution
6.58,76.18,42.04,29.45,23.82,Unsafe
6.4,81.28,44.87,28.31,18.72,Unsafe
3.99,66.15,34.39,35.72,33.85,Safe
4.01,65.05,24.74,23.82,34.95,Safe
7.06,40.17,45.57,30.04,59.83,Unsafe
3.98,65.78,26.06,23.99,34.22,Safe
4.62,56.86,33.81,30.08,43.14,Caution
4.51,69.35,42.62,35.86,30.65,Caution
4.0,67.78,31.1,30.76,32.22,Safe
6.51,82.66,51.36,35.64,17.34,Unsafe
3.82,63.89,36.86,34.29,36.11,Safe
4.87,55.15,28.59,23.28,44.85,Caution
4.11,65.64,31.55,32.86,34.36,Safe
4.08,65.31,25.95,23.49,34.69,Safe
3.8,67.12,32.0,30.52,32.88,Safe
3.94,64.94,22.8,22.13,35.06,Safe
5.76,80.08,43.44,30.74,19.92,Unsafe
4.13,64.8,36.56,34.6,35.2,Safe
4.02,60.59,29.32,29.98,39.41,Safe
4.09,64.0,24.59,24.46,36.0,Safe
3.79,65.23,27.84,26.23,34.77,Safe
4.13,62.3,27.2,25.33,37.7,Safe
6.58,50.74,45.29,35.18,49.26,Unsafe
7.61,72.69,36.79,22.67,27.31,Unsafe
5.78,80.55,37.92,22.91,19.45,Unsafe
3.86,64.0,26.05,24.09,36.0,Safe
3.95,64.22,28.17,28.46,35.78,Safe
4.61,56.41,38.7,34.6,43.59,Caution
3.92,65.93,29.47,28.35,34.07,Safe
4.03,63.16,27.5,27.23,36.84,Safe
6.25,78.0,37.91,27.43,22.0,Unsafe
4.11,67.37,26.16,26.64,32.63,Safe
4.65,57.82,38.74,31.54,42.18,Caution
4.46,55.46,32.86,25.77,44.54,Caution
5.88,75.92,46.05,30.08,24.08,Unsafe
4.73,55.39,37.11,30.14,44.61,Caution
4.38,59.58,41.8,35.63,40.42,Caution
6.07,81.9,41.72,29.76,18.1,Unsafe
3.81,63.06,26.98,27.91,36.94,Safe
7.79,74.7,44.85,31.08,25.3,Unsafe
4.47,57.61,34.83,28.58,42.39,Caution
6.27,41.85,44.64,26.4,58.15,Unsafe
6.98,83.9,40.84,26.79,16.1,Unsafe
4.36,59.66,34.41,30.88,40.34,Caution
3.82,62.52,30.03,27.33,37.48,Safe
3.82,66.52,32.99,30.71,33.48,Safe
3.92,63.92,34.96,34.34,36.08,Safe
4.06,64.39,22.6,22.92,35.61,Safe
4.72,69.03,31.0,24.0,30.97,Caution
4.63,59.66,34.93,29.82,40.34,Caution
4.3,69.08,33.34,26.79,30.92,Caution
3.92,62.0,22.92,22.56,38.0,Safe
3.79,62.16,24.24,22.45,37.84,Safe
5.08,78.55,41.13,24.51,21.45,Unsafe
7.15,73.44,38.34,29.15,26.56,Unsafe
7.53,74.05,53.76,34.4,25.95,Unsafe
4.78,57.23,33.81,27.86,42.77,Caution
3.82,65.9,32.81,32.91,34.1,Safe
3.82,65.07,32.82,32.45,34.93,Safe
3.79,65.47,33.7,33.5,34.53,Safe
3.95,66.33,27.83,27.08,33.67,Safe
4.2,66.33,23.09,23.91,33.67,Safe
5.96,74.21,47.41,35.78,25.79,Unsafe
4.29,70.94,34.52,28.44,29.06,Caution
4.86,55.4,28.41,24.61,44.6,Caution
4.41,68.43,38.01,32.84,31.57,Caution
4.59,70.21,40.79,35.47,29.79,Caution
4.44,69.32,30.18,25.16,30.68,Caution
3.94,65.45,32.46,29.94,34.55,Safe
4.62,68.54,32.47,27.29,31.46,Caution
4.77,54.59,32.59,26.59,45.41,Caution
6.18,83.51,40.87,29.23,16.49,Unsafe
4.31,57.93,28.05,23.77,42.07,Caution
4.35,72.2,36.24,32.14,27.8,Caution
4.18,65.09,35.76,33.44,34.91,Safe
4.63,59.77,39.06,31.85,40.23,Caution
5.32,83.81,39.73,30.92,16.19,Unsafe
4.12,67.07,24.43,25.49,32.93,Safe
4.04,62.81,27.31,25.32,37.19,Safe
5.43,45.28,37.19,25.04,54.72,Unsafe
6.4,46.01,35.35,27.22,53.99,Unsafe
4.16,65.34,29.81,31.15,34.66,Safe
7.58,78.72,41.98,29.62,21.28,Unsafe
4.69,70.39,31.55,26.48,29.61,Caution
3.79,61.98,30.89,28.41,38.02,Safe
4.02,67.82,24.84,23.39,32.18,Safe
4.0,66.94,25.32,23.0,33.06,Safe
7.0,73.41,43.97,34.82,26.59,Unsafe
3.82,67.37,37.52,35.96,32.63,Safe
3.9,67.94,31.46,32.83,32.06,Safe
4.08,61.3,35.4,34.1,38.7,Safe
4.85,68.13,36.68,31.23,31.87,Caution
4.65,69.29,27.97,23.05,30.71,Caution
6.86,81.82,42.19,24.36,18.18,Unsafe
7.05,81.43,38.9,27.84,18.57,Unsafe
4.51,71.72,32.44,25.16,28.28,Caution
4.08,62.61,25.91,26.56,37.39,Safe
4.14,67.52,32.42,31.41,32.48,Safe
4.34,57.85,39.19,33.77,42.15,Caution
4.6,69.79,34.76,28.96,30.21,Caution
3.84,60.92,33.83,31.29,39.08,Safe
4.15,65.69,31.92,29.59,34.31,Safe
4.71,68.44,39.43,35.87,31.56,Caution
4.05,62.32,30.22,30.86,37.68,Safe
3.94,62.04,29.93,28.99,37.96,Safe
3.99,64.33,24.7,22.76,35.67,Safe
7.03,46.0,35.49,23.34,54.0,Unsafe
4.71,69.78,31.94,25.48,30.22,Caution
6.85,50.72,47.13,27.73,49.28,Unsafe
5.2,83.41,42.38,31.21,16.59,Unsafe
3.96,62.73,31.88,32.45,37.27,Safe
4.36,70.24,37.49,31.88,29.76,Caution
3.88,65.55,28.66,29.56,34.45,Safe
4.16,64.59,34.77,34.16,35.41,Safe
5.49,73.26,37.12,28.63,26.74,Unsafe
4.12,62.93,36.51,35.98,37.07,Safe
6.0,49.55,37.18,24.37,50.45,Unsafe
3.98,66.41,27.64,25.49,33.59,Safe
5.26,74.27,42.61,33.29,25.73,Unsafe
4.77,54.69,37.05,29.87,45.31,Caution
4.43,69.6,37.99,32.54,30.4,Caution
4.47,68.72,38.36,34.29,31.28,Caution
3.98,65.56,26.3,24.45,34.44,Safe
3.86,63.04,34.65,33.23,36.96,Safe
4.34,58.45,42.15,35.63,41.55,Caution
3.99,66.07,24.8,23.2,33.93,Safe
4.19,64.07,29.87,29.72,35.93,Safe
5.74,82.64,32.35,22.63,17.36,Unsafe
6.59,83.8,40.61,26.33,16.2,Unsafe
4.43,54.35,38.59,31.92,45.65,Caution
3.84,67.67,28.19,28.05,32.33,Safe
4.52,55.04,34.64,28.94,44.96,Caution
5.64,74.71,38.45,29.67,25.29,Unsafe
4.74,54.11,36.2,30.75,45.89,Caution
4.03,61.7,30.42,30.41,38.3,Safe
5.96,79.05,51.13,32.25,20.95,Unsafe
4.33,69.37,39.96,34.49,30.63,Caution
4.07,60.72,27.93,27.3,39.28,Safe
4.28,58.18,42.83,35.82,41.82,Caution
4.51,68.33,28.22,24.18,31.67,Caution
4.49,69.81,30.75,24.25,30.19,Caution
4.2,60.45,28.75,26.62,39.55,Safe
4.18,65.1,30.24,31.56,34.9,Safe
4.79,70.64,28.71,23.63,29.36,Caution
